timeOpen;timeClose;timeHigh;timeLow;name;open;high;low;close;volume;marketCap;timestamp
"2025-04-26T00:00:00.000Z";"2025-04-26T23:59:59.999Z";"2025-04-26T07:47:00.000Z";"2025-04-26T14:19:00.000Z";"2781";0.9917622578;1.0463649005;0.987533972;0.9955176575;231087877.89;3144947326.93;"2025-04-26T23:59:59.999Z"
"2025-04-25T00:00:00.000Z";"2025-04-25T23:59:59.999Z";"2025-04-25T08:58:00.000Z";"2025-04-25T03:04:00.000Z";"2781";0.9780742641;1.0349417799;0.9476342142;0.9917477703;380035060.78;3133037848.07;"2025-04-25T23:59:59.999Z"
"2025-04-24T00:00:00.000Z";"2025-04-24T23:59:59.999Z";"2025-04-24T15:41:00.000Z";"2025-04-24T08:50:00.000Z";"2781";0.9158720673;1.0388415908;0.8677749358;0.9780767036;429607784.18;3089849478.17;"2025-04-24T23:59:59.999Z"
"2025-04-23T00:00:00.000Z";"2025-04-23T23:59:59.999Z";"2025-04-23T06:28:00.000Z";"2025-04-23T15:32:00.000Z";"2781";0.9170784473;0.9518234504;0.9067850517;0.9158720673;227134999.06;2893338343.53;"2025-04-23T23:59:59.999Z"
"2025-04-22T00:00:00.000Z";"2025-04-22T23:59:59.999Z";"2025-04-22T23:13:00.000Z";"2025-04-22T00:40:00.000Z";"2781";0.8519489386;0.9209190549;0.8410214368;0.9170454616;194549455.4;2897045222.09;"2025-04-22T23:59:59.999Z"
"2025-04-21T00:00:00.000Z";"2025-04-21T23:59:59.999Z";"2025-04-21T09:06:00.000Z";"2025-04-21T00:05:00.000Z";"2781";0.8365219746;0.8905059446;0.8363712627;0.851948631;139469656.77;2691397334.48;"2025-04-21T23:59:59.999Z"
"2025-04-20T00:00:00.000Z";"2025-04-20T23:59:59.999Z";"2025-04-20T00:26:00.000Z";"2025-04-20T16:06:00.000Z";"2781";0.8554161977;0.8614316465;0.8213531247;0.8365219746;78385705.41;2642662868.08;"2025-04-20T23:59:59.999Z"
"2025-04-19T00:00:00.000Z";"2025-04-19T23:59:59.999Z";"2025-04-19T22:05:00.000Z";"2025-04-19T00:33:00.000Z";"2781";0.8300136416;0.8578677989;0.8290698812;0.8554305024;65040929.67;2702396940.79;"2025-04-19T23:59:59.999Z"
"2025-04-18T00:00:00.000Z";"2025-04-18T23:59:59.999Z";"2025-04-18T12:52:00.000Z";"2025-04-18T01:04:00.000Z";"2781";0.8274516228;0.836436621;0.8227723116;0.8300136416;66423049.52;2622102344.37;"2025-04-18T23:59:59.999Z"
"2025-04-17T00:00:00.000Z";"2025-04-17T23:59:59.999Z";"2025-04-17T16:37:00.000Z";"2025-04-17T00:23:00.000Z";"2781";0.8201122141;0.850285282;0.8187474349;0.8274573046;110452974.63;2614026601.05;"2025-04-17T23:59:59.999Z"
"2025-04-16T00:00:00.000Z";"2025-04-16T23:59:59.999Z";"2025-04-16T15:28:00.000Z";"2025-04-16T18:03:00.000Z";"2781";0.8319760471;0.8428021037;0.8052790823;0.8201122141;136078393.35;2590822670.27;"2025-04-16T23:59:59.999Z"
"2025-04-15T00:00:00.000Z";"2025-04-15T23:59:59.999Z";"2025-04-15T00:58:00.000Z";"2025-04-15T23:28:00.000Z";"2781";0.8752735677;0.8898775618;0.8292025388;0.8319760471;160383816.47;2628301794.38;"2025-04-15T23:59:59.999Z"
"2025-04-14T00:00:00.000Z";"2025-04-14T23:59:59.999Z";"2025-04-14T14:54:00.000Z";"2025-04-14T00:07:00.000Z";"2781";0.848011181;0.9122117601;0.8466727805;0.875273795;174893331.9;2765084035.78;"2025-04-14T23:59:59.999Z"
"2025-04-13T00:00:00.000Z";"2025-04-13T23:59:59.999Z";"2025-04-13T01:18:00.000Z";"2025-04-13T23:07:00.000Z";"2781";0.9042574796;0.9243944835;0.8405820555;0.8480097365;150228501.37;2678953943.17;"2025-04-13T23:59:59.999Z"
"2025-04-12T00:00:00.000Z";"2025-04-12T23:59:59.999Z";"2025-04-12T20:45:00.000Z";"2025-04-12T04:37:00.000Z";"2781";0.8950655015;0.9227813154;0.8651970943;0.9042574796;211661156.79;2856646611.94;"2025-04-12T23:59:59.999Z"
"2025-04-11T00:00:00.000Z";"2025-04-11T23:59:59.999Z";"2025-04-11T21:25:00.000Z";"2025-04-11T01:03:00.000Z";"2781";0.8132368991;0.9231974425;0.8095783977;0.8950655015;424731010.56;2827608164.76;"2025-04-11T23:59:59.999Z"
"2025-04-10T00:00:00.000Z";"2025-04-10T23:59:59.999Z";"2025-04-10T02:34:00.000Z";"2025-04-10T17:13:00.000Z";"2781";0.8496461172;0.8795174764;0.7999064212;0.8132266491;238342770.57;2569070429.85;"2025-04-10T23:59:59.999Z"
"2025-04-09T00:00:00.000Z";"2025-04-09T23:59:59.999Z";"2025-04-09T18:36:00.000Z";"2025-04-09T01:33:00.000Z";"2781";0.7084610534;0.8925501584;0.6846632937;0.8495610074;362208399.47;2683854574.79;"2025-04-09T23:59:59.999Z"
"2025-04-08T00:00:00.000Z";"2025-04-08T23:59:59.999Z";"2025-04-08T02:16:00.000Z";"2025-04-08T23:49:00.000Z";"2781";0.7573574086;0.7840257906;0.7064875977;0.7084610534;159214005.09;2238104647.87;"2025-04-08T23:59:59.999Z"
"2025-04-07T00:00:00.000Z";"2025-04-07T23:59:59.999Z";"2025-04-07T14:19:00.000Z";"2025-04-07T07:08:00.000Z";"2781";0.729616758;0.7925456424;0.6697473201;0.7573574086;422137837.75;2392573491.51;"2025-04-07T23:59:59.999Z"
"2025-04-06T00:00:00.000Z";"2025-04-06T23:59:59.999Z";"2025-04-06T01:28:00.000Z";"2025-04-06T23:33:00.000Z";"2781";0.8105046712;0.814385304;0.7159170653;0.729616758;173184317.55;2304937793.58;"2025-04-06T23:59:59.999Z"
"2025-04-05T00:00:00.000Z";"2025-04-05T23:59:59.999Z";"2025-04-05T01:35:00.000Z";"2025-04-05T15:46:00.000Z";"2781";0.8198935043;0.8243996136;0.7948250959;0.8105031036;89491701.95;2560466456.92;"2025-04-05T23:59:59.999Z"
"2025-04-04T00:00:00.000Z";"2025-04-04T23:59:59.999Z";"2025-04-04T08:22:00.000Z";"2025-04-04T11:32:00.000Z";"2781";0.8127987269;0.8340033834;0.7849038618;0.8198935043;208595430.31;2590131742.48;"2025-04-04T23:59:59.999Z"
"2025-04-03T00:00:00.000Z";"2025-04-03T23:59:59.999Z";"2025-04-03T05:07:00.000Z";"2025-04-03T15:07:00.000Z";"2781";0.7881390659;0.8255662033;0.7730441127;0.8128058697;223301895.31;2567718577.68;"2025-04-03T23:59:59.999Z"
"2025-04-02T00:00:00.000Z";"2025-04-02T23:59:59.999Z";"2025-04-02T20:19:00.000Z";"2025-04-02T23:04:00.000Z";"2781";0.8222444952;0.8849084009;0.7769353289;0.7881390659;301500875.9;2489816057;"2025-04-02T23:59:59.999Z"
"2025-04-01T00:00:00.000Z";"2025-04-01T23:59:59.999Z";"2025-04-01T21:11:00.000Z";"2025-04-01T00:02:00.000Z";"2781";0.7794197175;0.8333275614;0.7787929492;0.8222444952;133812400.81;2597558775.54;"2025-04-01T23:59:59.999Z"
"2025-03-31T00:00:00.000Z";"2025-03-31T23:59:59.999Z";"2025-03-31T15:27:00.000Z";"2025-03-31T10:13:00.000Z";"2781";0.7896480963;0.7958055848;0.7516353299;0.7794197175;132999476.91;2462270697.72;"2025-03-31T23:59:59.999Z"
"2025-03-30T00:00:00.000Z";"2025-03-30T23:59:59.999Z";"2025-03-30T10:14:00.000Z";"2025-03-30T22:11:00.000Z";"2781";0.7986930271;0.8132673548;0.7794723244;0.7896499696;84577652.75;2494583246.38;"2025-03-30T23:59:59.999Z"
"2025-03-29T00:00:00.000Z";"2025-03-29T23:59:59.999Z";"2025-03-29T00:43:00.000Z";"2025-03-29T17:22:00.000Z";"2781";0.8418257111;0.8487037302;0.7797488082;0.7987655115;119660136.1;2523157155.23;"2025-03-29T23:59:59.999Z"
"2025-03-28T00:00:00.000Z";"2025-03-28T23:59:59.999Z";"2025-03-28T01:44:00.000Z";"2025-03-28T21:04:00.000Z";"2781";0.9122647967;0.9174037557;0.8262733589;0.8418257111;146665966.9;2659417942.13;"2025-03-28T23:59:59.999Z"
"2025-03-27T00:00:00.000Z";"2025-03-27T23:59:59.999Z";"2025-03-27T03:40:00.000Z";"2025-03-27T13:44:00.000Z";"2781";0.9014921947;0.9305104024;0.8865319796;0.9122522789;104059787.49;2881903042.72;"2025-03-27T23:59:59.999Z"
"2025-03-26T00:00:00.000Z";"2025-03-26T23:59:59.999Z";"2025-03-26T11:20:00.000Z";"2025-03-26T19:18:00.000Z";"2781";0.9190146925;0.9562255333;0.891148289;0.9014921947;132464647.44;2847910779.6;"2025-03-26T23:59:59.999Z"
"2025-03-25T00:00:00.000Z";"2025-03-25T23:59:59.999Z";"2025-03-25T11:28:00.000Z";"2025-03-25T03:52:00.000Z";"2781";0.8837350576;0.9382389988;0.8705631959;0.9190146925;126662251.24;2903266234.25;"2025-03-25T23:59:59.999Z"
"2025-03-24T00:00:00.000Z";"2025-03-24T23:59:59.999Z";"2025-03-24T14:22:00.000Z";"2025-03-24T02:02:00.000Z";"2781";0.8441951884;0.9142592872;0.8322276278;0.8837300576;143754370.39;2791814073.98;"2025-03-24T23:59:59.999Z"
"2025-03-23T00:00:00.000Z";"2025-03-23T23:59:59.999Z";"2025-03-23T11:37:00.000Z";"2025-03-23T05:29:00.000Z";"2781";0.8279140189;0.8456812578;0.8225430777;0.8441951884;67782025.35;2666903375.78;"2025-03-23T23:59:59.999Z"
"2025-03-22T00:00:00.000Z";"2025-03-22T23:59:59.999Z";"2025-03-22T11:01:00.000Z";"2025-03-22T02:06:00.000Z";"2781";0.825764592;0.8394464107;0.8213231095;0.8279140189;54249053.25;2615469410.61;"2025-03-22T23:59:59.999Z"
"2025-03-21T00:00:00.000Z";"2025-03-21T23:59:59.999Z";"2025-03-21T00:13:00.000Z";"2025-03-21T16:04:00.000Z";"2781";0.8432543313;0.8486647153;0.8161999055;0.825764592;73377698.41;2608679139.78;"2025-03-21T23:59:59.999Z"
"2025-03-20T00:00:00.000Z";"2025-03-20T23:59:59.999Z";"2025-03-20T00:07:00.000Z";"2025-03-20T16:55:00.000Z";"2781";0.883970133;0.8910506035;0.8368320693;0.8432543313;103317838.37;2663931106.84;"2025-03-20T23:59:59.999Z"
"2025-03-19T00:00:00.000Z";"2025-03-19T23:59:59.999Z";"2025-03-19T23:51:00.000Z";"2025-03-19T02:09:00.000Z";"2781";0.8384367072;0.8879611532;0.8294722266;0.8839246488;156389957.36;2792556702.45;"2025-03-19T23:59:59.999Z"
"2025-03-18T00:00:00.000Z";"2025-03-18T23:59:59.999Z";"2025-03-18T00:25:00.000Z";"2025-03-18T18:35:00.000Z";"2781";0.8594107475;0.8602604826;0.8082302795;0.8384367072;109134741.65;2648711714.4;"2025-03-18T23:59:59.999Z"
"2025-03-17T00:00:00.000Z";"2025-03-17T23:59:59.999Z";"2025-03-17T19:09:00.000Z";"2025-03-17T00:04:00.000Z";"2781";0.8150510319;0.8826431379;0.8145718319;0.8594107475;140936847.52;2714970962.84;"2025-03-17T23:59:59.999Z"
"2025-03-16T00:00:00.000Z";"2025-03-16T23:59:59.999Z";"2025-03-16T00:33:00.000Z";"2025-03-16T23:10:00.000Z";"2781";0.8714884325;0.876530358;0.8067819136;0.8150541332;105578165.89;2574843648.66;"2025-03-16T23:59:59.999Z"
"2025-03-15T00:00:00.000Z";"2025-03-15T23:59:59.999Z";"2025-03-15T21:46:00.000Z";"2025-03-15T08:22:00.000Z";"2781";0.8683525033;0.8895609241;0.8614688967;0.8714885902;82423982.21;2753126166.82;"2025-03-15T23:59:59.999Z"
"2025-03-14T00:00:00.000Z";"2025-03-14T23:59:59.999Z";"2025-03-14T15:43:00.000Z";"2025-03-14T00:07:00.000Z";"2781";0.8283652142;0.8928954498;0.8240061364;0.8683686099;148817204.08;2743269813.57;"2025-03-14T23:59:59.999Z"
"2025-03-13T00:00:00.000Z";"2025-03-13T23:59:59.999Z";"2025-03-13T02:13:00.000Z";"2025-03-13T18:00:00.000Z";"2781";0.877325605;0.8820079856;0.808039447;0.8283652142;147540414.08;2616894784.89;"2025-03-13T23:59:59.999Z"
"2025-03-12T00:00:00.000Z";"2025-03-12T23:59:59.999Z";"2025-03-12T13:02:00.000Z";"2025-03-12T06:52:00.000Z";"2781";0.8279539298;0.892249877;0.8147566241;0.877325605;248401907.44;2771565924.18;"2025-03-12T23:59:59.999Z"
"2025-03-11T00:00:00.000Z";"2025-03-11T23:59:59.999Z";"2025-03-11T21:33:00.000Z";"2025-03-11T01:08:00.000Z";"2781";0.7841374204;0.8499988262;0.7407906411;0.8279539298;270420757.63;2615595493.17;"2025-03-11T23:59:59.999Z"
"2025-03-10T00:00:00.000Z";"2025-03-10T23:59:59.999Z";"2025-03-10T09:25:00.000Z";"2025-03-10T19:01:00.000Z";"2781";0.8493539746;0.8995344904;0.7698423743;0.7841374204;294045614.3;2477174428.66;"2025-03-10T23:59:59.999Z"
"2025-03-09T00:00:00.000Z";"2025-03-09T23:59:59.999Z";"2025-03-09T03:58:00.000Z";"2025-03-09T23:10:00.000Z";"2781";0.9464031057;0.9653112172;0.844570166;0.8493539746;199582664.26;2683200536.1;"2025-03-09T23:59:59.999Z"
"2025-03-08T00:00:00.000Z";"2025-03-08T23:59:59.999Z";"2025-03-08T01:08:00.000Z";"2025-03-08T11:43:00.000Z";"2781";0.9759015852;0.9873764323;0.9318597731;0.9464023088;157185671.84;2989789176.71;"2025-03-08T23:59:59.999Z"
"2025-03-07T00:00:00.000Z";"2025-03-07T23:59:59.999Z";"2025-03-07T00:07:00.000Z";"2025-03-07T23:40:00.000Z";"2781";1.0759031636;1.0767132384;0.9669679727;0.9759015852;453723933.4;3082978045.32;"2025-03-07T23:59:59.999Z"
"2025-03-06T00:00:00.000Z";"2025-03-06T23:59:59.999Z";"2025-03-06T06:13:00.000Z";"2025-03-06T23:59:00.000Z";"2781";1.1193589033;1.2018345569;1.0756437;1.0759031636;395114006.06;3398016435.69;"2025-03-06T23:59:59.999Z"
"2025-03-05T00:00:00.000Z";"2025-03-05T23:59:59.999Z";"2025-03-05T20:10:00.000Z";"2025-03-05T01:08:00.000Z";"2781";0.9638238273;1.1470010861;0.9510274988;1.1194066452;348073699.07;3536325960.9;"2025-03-05T23:59:59.999Z"
"2025-03-04T00:00:00.000Z";"2025-03-04T23:59:59.999Z";"2025-03-04T21:28:00.000Z";"2025-03-04T16:37:00.000Z";"2781";0.9814236444;0.9886516765;0.8729398961;0.9638238273;398306111.9;3044823109.47;"2025-03-04T23:59:59.999Z"
"2025-03-03T00:00:00.000Z";"2025-03-03T23:59:59.999Z";"2025-03-03T00:02:00.000Z";"2025-03-03T22:01:00.000Z";"2781";1.1916512356;1.1926036352;0.9760309094;0.9814196099;334142099.78;3100410078.68;"2025-03-03T23:59:59.999Z"
"2025-03-02T00:00:00.000Z";"2025-03-02T23:59:59.999Z";"2025-03-02T20:47:00.000Z";"2025-03-02T15:25:00.000Z";"2781";1.0240499351;1.2296798165;0.9896682906;1.1916512356;358219693.63;3764554390.34;"2025-03-02T23:59:59.999Z"
"2025-03-01T00:00:00.000Z";"2025-03-01T23:59:59.999Z";"2025-03-01T22:13:00.000Z";"2025-03-01T00:59:00.000Z";"2781";0.9901084134;1.0445535646;0.9782192295;1.0240499351;141161167.58;3235083859.91;"2025-03-01T23:59:59.999Z"
"2025-02-28T00:00:00.000Z";"2025-02-28T23:59:59.999Z";"2025-02-28T21:49:00.000Z";"2025-02-28T06:22:00.000Z";"2781";0.971330756;1.0011176613;0.8868012311;0.9901084134;221884441.16;3127858943.27;"2025-02-28T23:59:59.999Z"
"2025-02-27T00:00:00.000Z";"2025-02-27T23:59:59.999Z";"2025-02-27T11:02:00.000Z";"2025-02-27T21:09:00.000Z";"2781";0.9735689665;1.0140631771;0.9461596805;0.971330756;162601637.72;3068538304.4;"2025-02-27T23:59:59.999Z"
"2025-02-26T00:00:00.000Z";"2025-02-26T23:59:59.999Z";"2025-02-26T04:45:00.000Z";"2025-02-26T18:58:00.000Z";"2781";1.0034772644;1.0094892082;0.9256824012;0.9735689665;244701278.78;3075609052.19;"2025-02-26T23:59:59.999Z"
"2025-02-25T00:00:00.000Z";"2025-02-25T23:59:59.999Z";"2025-02-25T22:10:00.000Z";"2025-02-25T10:22:00.000Z";"2781";0.9817050395;1.018755796;0.9084402454;1.0034772644;487618506.84;3170092581.17;"2025-02-25T23:59:59.999Z"
"2025-02-24T00:00:00.000Z";"2025-02-24T23:59:59.999Z";"2025-02-24T00:16:00.000Z";"2025-02-24T23:39:00.000Z";"2781";1.132201739;1.1387165;0.9775998289;0.9817050395;291046735.12;3101311781.46;"2025-02-24T23:59:59.999Z"
"2025-02-23T00:00:00.000Z";"2025-02-23T23:59:59.999Z";"2025-02-23T01:04:00.000Z";"2025-02-23T12:19:00.000Z";"2781";1.1593688396;1.1654087783;1.1159769057;1.1322055851;129607884.08;3576759188.32;"2025-02-23T23:59:59.999Z"
"2025-02-22T00:00:00.000Z";"2025-02-22T23:59:59.999Z";"2025-02-22T13:08:00.000Z";"2025-02-22T02:31:00.000Z";"2781";1.1283250474;1.1868403392;1.116400583;1.1593688396;322790359.44;3662570829.96;"2025-02-22T23:59:59.999Z"
"2025-02-21T00:00:00.000Z";"2025-02-21T23:59:59.999Z";"2025-02-21T09:25:00.000Z";"2025-02-21T19:49:00.000Z";"2781";1.2423296251;1.2545666574;1.0955088197;1.1283250474;447249475.59;3564462866.31;"2025-02-21T23:59:59.999Z"
"2025-02-20T00:00:00.000Z";"2025-02-20T23:59:59.999Z";"2025-02-20T20:28:00.000Z";"2025-02-20T00:22:00.000Z";"2781";1.2116086306;1.2528087309;1.2065908477;1.2423296251;172169276.63;3924652872.29;"2025-02-20T23:59:59.999Z"
"2025-02-19T00:00:00.000Z";"2025-02-19T23:59:59.999Z";"2025-02-19T11:58:00.000Z";"2025-02-19T05:01:00.000Z";"2781";1.1966107218;1.222293809;1.168506743;1.2116086306;188805670.25;3827601947.28;"2025-02-19T23:59:59.999Z"
"2025-02-18T00:00:00.000Z";"2025-02-18T23:59:59.999Z";"2025-02-18T00:10:00.000Z";"2025-02-18T17:39:00.000Z";"2781";1.2331031037;1.2381350252;1.1281668388;1.1966107218;254495552.96;3780221940.51;"2025-02-18T23:59:59.999Z"
"2025-02-17T00:00:00.000Z";"2025-02-17T23:59:59.999Z";"2025-02-17T15:04:00.000Z";"2025-02-17T19:04:00.000Z";"2781";1.2767235239;1.2933737615;1.2060536855;1.2331031037;212864830.06;3895505298.89;"2025-02-17T23:59:59.999Z"
"2025-02-16T00:00:00.000Z";"2025-02-16T23:59:59.999Z";"2025-02-16T17:46:00.000Z";"2025-02-16T03:26:00.000Z";"2781";1.2767849192;1.2990242453;1.2597963206;1.2767278096;128915734.3;4033320435.83;"2025-02-16T23:59:59.999Z"
"2025-02-15T00:00:00.000Z";"2025-02-15T23:59:59.999Z";"2025-02-15T02:16:00.000Z";"2025-02-15T20:49:00.000Z";"2781";1.3272310489;1.330832046;1.2574525917;1.2767849192;234540777.51;4033500851.19;"2025-02-15T23:59:59.999Z"
"2025-02-14T00:00:00.000Z";"2025-02-14T23:59:59.999Z";"2025-02-14T17:58:00.000Z";"2025-02-14T01:44:00.000Z";"2781";1.330086564;1.3607554065;1.3141758457;1.3271677924;304060207.24;4192865599.2;"2025-02-14T23:59:59.999Z"
"2025-02-13T00:00:00.000Z";"2025-02-13T23:59:59.999Z";"2025-02-13T00:01:00.000Z";"2025-02-13T18:13:00.000Z";"2781";1.3973672068;1.3976000399;1.3170889115;1.330086564;309622719.95;4201886478.42;"2025-02-13T23:59:59.999Z"
"2025-02-12T00:00:00.000Z";"2025-02-12T23:59:59.999Z";"2025-02-12T22:34:00.000Z";"2025-02-12T13:39:00.000Z";"2781";1.3297092737;1.4143240557;1.3004844936;1.3973672068;358063226.54;4414433263.94;"2025-02-12T23:59:59.999Z"
"2025-02-11T00:00:00.000Z";"2025-02-11T23:59:59.999Z";"2025-02-11T14:10:00.000Z";"2025-02-11T00:00:00.000Z";"2781";1.3290516231;1.4267722399;1.3289240704;1.3297092737;485226837.53;4200694577.94;"2025-02-11T23:59:59.999Z"
"2025-02-10T00:00:00.000Z";"2025-02-10T23:59:59.999Z";"2025-02-10T14:01:00.000Z";"2025-02-10T02:25:00.000Z";"2781";1.3271056103;1.3707172832;1.2931436262;1.3290516231;288567693.12;4198616988.87;"2025-02-10T23:59:59.999Z"
"2025-02-09T00:00:00.000Z";"2025-02-09T23:59:59.999Z";"2025-02-09T03:52:00.000Z";"2025-02-09T21:53:00.000Z";"2781";1.3506688119;1.3853249387;1.2940264503;1.3271056103;310381917.38;4192469325.31;"2025-02-09T23:59:59.999Z"
"2025-02-08T00:00:00.000Z";"2025-02-08T23:59:59.999Z";"2025-02-08T00:29:00.000Z";"2025-02-08T16:19:00.000Z";"2781";1.4053668686;1.4244145746;1.3149186423;1.3506688119;333580403.65;4266908012.99;"2025-02-08T23:59:59.999Z"
"2025-02-07T00:00:00.000Z";"2025-02-07T23:59:59.999Z";"2025-02-07T14:23:00.000Z";"2025-02-07T00:55:00.000Z";"2781";1.3575867102;1.4819341384;1.3388733946;1.4053615561;647800261.95;4439688272.82;"2025-02-07T23:59:59.999Z"
"2025-02-06T00:00:00.000Z";"2025-02-06T23:59:59.999Z";"2025-02-06T07:01:00.000Z";"2025-02-06T16:34:00.000Z";"2781";1.3084827121;1.4208860099;1.2862501194;1.3575867102;678602836.97;4288762397.58;"2025-02-06T23:59:59.999Z"
"2025-02-05T00:00:00.000Z";"2025-02-05T23:59:59.999Z";"2025-02-05T12:20:00.000Z";"2025-02-05T20:47:00.000Z";"2781";1.3590626737;1.4662261808;1.289680885;1.3084827121;579796471.77;4133637587.25;"2025-02-05T23:59:59.999Z"
"2025-02-04T00:00:00.000Z";"2025-02-04T23:59:59.999Z";"2025-02-04T19:37:00.000Z";"2025-02-04T08:49:00.000Z";"2781";1.4063606026;1.49945737;1.2932914992;1.3590420286;732042615.77;4293359904.63;"2025-02-04T23:59:59.999Z"
"2025-02-03T00:00:00.000Z";"2025-02-03T23:59:59.999Z";"2025-02-03T19:52:00.000Z";"2025-02-03T02:11:00.000Z";"2781";1.241580132;1.4400023926;0.9609000454;1.4063606026;1287469086.71;4442844368.08;"2025-02-03T23:59:59.999Z"
"2025-02-02T00:00:00.000Z";"2025-02-02T23:59:59.999Z";"2025-02-02T01:10:00.000Z";"2025-02-02T19:19:00.000Z";"2781";1.3432553403;1.3869028949;1.1857245065;1.241580132;546461493.8;3922285142.79;"2025-02-02T23:59:59.999Z"
"2025-02-01T00:00:00.000Z";"2025-02-01T23:59:59.999Z";"2025-02-01T01:38:00.000Z";"2025-02-01T23:28:00.000Z";"2781";1.4863727706;1.4944024018;1.3283038788;1.3432553403;301077032.9;4243488058.78;"2025-02-01T23:59:59.999Z"
"2025-01-31T00:00:00.000Z";"2025-01-31T23:59:59.999Z";"2025-01-31T00:30:00.000Z";"2025-01-31T21:34:00.000Z";"2781";1.5658401022;1.588931783;1.469159468;1.4863922514;353418550.87;4695672952.54;"2025-01-31T23:59:59.999Z"
"2025-01-30T00:00:00.000Z";"2025-01-30T23:59:59.999Z";"2025-01-30T15:19:00.000Z";"2025-01-30T00:46:00.000Z";"2781";1.4611901242;1.6375368089;1.442448037;1.5658401022;469570946.23;4946657256.18;"2025-01-30T23:59:59.999Z"
"2025-01-29T00:00:00.000Z";"2025-01-29T23:59:59.999Z";"2025-01-29T21:34:00.000Z";"2025-01-29T00:34:00.000Z";"2781";1.3358367471;1.5393730368;1.3203375532;1.4611455756;510239610;4616056722.64;"2025-01-29T23:59:59.999Z"
"2025-01-28T00:00:00.000Z";"2025-01-28T23:59:59.999Z";"2025-01-28T18:19:00.000Z";"2025-01-28T01:31:00.000Z";"2781";1.3293462041;1.4399249453;1.304869699;1.3358367471;409946646.99;4220051925.13;"2025-01-28T23:59:59.999Z"
"2025-01-27T00:00:00.000Z";"2025-01-27T23:59:59.999Z";"2025-01-27T00:12:00.000Z";"2025-01-27T12:32:00.000Z";"2781";1.3714059513;1.3877453202;1.2633241162;1.3293462041;453140724.28;4199547601.9;"2025-01-27T23:59:59.999Z"
"2025-01-26T00:00:00.000Z";"2025-01-26T23:59:59.999Z";"2025-01-26T00:46:00.000Z";"2025-01-26T23:59:00.000Z";"2781";1.4339263309;1.4944574836;1.3713643345;1.3713690763;347531099.2;4332302373.96;"2025-01-26T23:59:59.999Z"
"2025-01-25T00:00:00.000Z";"2025-01-25T23:59:59.999Z";"2025-01-25T19:37:00.000Z";"2025-01-25T00:56:00.000Z";"2781";1.3984774819;1.4919439381;1.3696143145;1.433903688;403564063.95;4529855936.5;"2025-01-25T23:59:59.999Z"
"2025-01-24T00:00:00.000Z";"2025-01-24T23:59:59.999Z";"2025-01-24T14:01:00.000Z";"2025-01-24T02:58:00.000Z";"2781";1.3506751567;1.5264524296;1.3033297583;1.3983765617;506351208.12;4417621924.55;"2025-01-24T23:59:59.999Z"
"2025-01-23T00:00:00.000Z";"2025-01-23T23:59:59.999Z";"2025-01-23T18:04:00.000Z";"2025-01-23T11:04:00.000Z";"2781";1.2880504151;1.4016818083;1.251583367;1.3506737061;438141764.9;4266928056.79;"2025-01-23T23:59:59.999Z"
"2025-01-22T00:00:00.000Z";"2025-01-22T23:59:59.999Z";"2025-01-22T00:04:00.000Z";"2025-01-22T23:13:00.000Z";"2781";1.3594528578;1.36731384;1.2830200738;1.2880930157;310540714.15;4069089764.03;"2025-01-22T23:59:59.999Z"
"2025-01-21T00:00:00.000Z";"2025-01-21T23:59:59.999Z";"2025-01-21T18:55:00.000Z";"2025-01-21T01:34:00.000Z";"2781";1.2940950471;1.4203789426;1.2477444898;1.3594528578;369153226.05;4294657758.39;"2025-01-21T23:59:59.999Z"
"2025-01-20T00:00:00.000Z";"2025-01-20T23:59:59.999Z";"2025-01-20T08:24:00.000Z";"2025-01-20T22:05:00.000Z";"2781";1.3640795784;1.4856580614;1.278353615;1.2940607763;719520137.08;4088077141.39;"2025-01-20T23:59:59.999Z"
"2025-01-19T00:00:00.000Z";"2025-01-19T23:59:59.999Z";"2025-01-19T17:34:00.000Z";"2025-01-19T00:10:00.000Z";"2781";1.3005165747;1.5462695211;1.2811603686;1.3640586106;889735065;4309274066.22;"2025-01-19T23:59:59.999Z"
"2025-01-18T00:00:00.000Z";"2025-01-18T23:59:59.999Z";"2025-01-18T00:46:00.000Z";"2025-01-18T17:01:00.000Z";"2781";1.3119104763;1.4833022559;1.1813188573;1.3006710575;806412507.57;4108471702.78;"2025-01-18T23:59:59.999Z"
"2025-01-17T00:00:00.000Z";"2025-01-17T23:59:59.999Z";"2025-01-17T22:56:00.000Z";"2025-01-17T00:29:00.000Z";"2781";1.2163309272;1.3134460126;1.2138072728;1.3114838687;288257037.41;1820509700.52;"2025-01-17T23:59:59.999Z"
"2025-01-16T00:00:00.000Z";"2025-01-16T23:59:59.999Z";"2025-01-16T00:04:00.000Z";"2025-01-16T09:41:00.000Z";"2781";1.2898482102;1.2981176622;1.1971407821;1.2163534272;225931083;1690407872.92;"2025-01-16T23:59:59.999Z"
"2025-01-15T00:00:00.000Z";"2025-01-15T23:59:59.999Z";"2025-01-15T23:55:00.000Z";"2025-01-15T03:01:00.000Z";"2781";1.1931683519;1.2960121899;1.1368842128;1.2898364819;202399276.64;1792579240.24;"2025-01-15T23:59:59.999Z"
"2025-01-14T00:00:00.000Z";"2025-01-14T23:59:59.999Z";"2025-01-14T00:01:00.000Z";"2025-01-14T08:43:00.000Z";"2781";1.2207136526;1.2209122231;1.1734071714;1.1931683519;186240089.91;1658217456.08;"2025-01-14T23:59:59.999Z"
"2025-01-13T00:00:00.000Z";"2025-01-13T23:59:59.999Z";"2025-01-13T23:24:00.000Z";"2025-01-13T12:02:00.000Z";"2781";1.2094740541;1.2428541786;1.0957530954;1.2206381987;313390340.16;1696393945.88;"2025-01-13T23:59:59.999Z"
"2025-01-12T00:00:00.000Z";"2025-01-12T23:59:59.999Z";"2025-01-12T00:00:00.000Z";"2025-01-12T22:23:00.000Z";"2781";1.2732518289;1.2732557083;1.196914399;1.2094740541;87708988.08;1680878466.02;"2025-01-12T23:59:59.999Z"
"2025-01-11T00:00:00.000Z";"2025-01-11T23:59:59.999Z";"2025-01-11T21:52:00.000Z";"2025-01-11T04:43:00.000Z";"2781";1.2702307021;1.3134351748;1.2391192846;1.2732518289;98421945.96;1769514256.01;"2025-01-11T23:59:59.999Z"
"2025-01-10T00:00:00.000Z";"2025-01-10T23:59:59.999Z";"2025-01-10T09:58:00.000Z";"2025-01-10T00:01:00.000Z";"2781";1.2101820842;1.3495949188;1.2091066402;1.2700369841;214489636.69;1765315615.37;"2025-01-10T23:59:59.999Z"
"2025-01-09T00:00:00.000Z";"2025-01-09T23:59:59.999Z";"2025-01-09T01:28:00.000Z";"2025-01-09T20:26:00.000Z";"2781";1.3145046402;1.316665743;1.1977842819;1.2101873607;175009825.83;1681869790.91;"2025-01-09T23:59:59.999Z"
"2025-01-08T00:00:00.000Z";"2025-01-08T23:59:59.999Z";"2025-01-08T01:01:00.000Z";"2025-01-08T17:33:00.000Z";"2781";1.370671619;1.3844135918;1.1888877918;1.3145046402;282324744.22;1826845756.42;"2025-01-08T23:59:59.999Z"
"2025-01-07T00:00:00.000Z";"2025-01-07T23:59:59.999Z";"2025-01-07T08:51:00.000Z";"2025-01-07T22:04:00.000Z";"2781";1.5230282827;1.5423888173;1.3586206063;1.370671619;196454712.7;1904904367.87;"2025-01-07T23:59:59.999Z"
"2025-01-06T00:00:00.000Z";"2025-01-06T23:59:59.999Z";"2025-01-06T16:26:00.000Z";"2025-01-06T13:19:00.000Z";"2781";1.5459836529;1.5948529236;1.4948665168;1.5230338887;198066305.5;2116651331.2;"2025-01-06T23:59:59.999Z"
"2025-01-05T00:00:00.000Z";"2025-01-05T23:59:59.999Z";"2025-01-05T00:01:00.000Z";"2025-01-05T14:24:00.000Z";"2781";1.5787747704;1.5792761289;1.51256421;1.5459836529;115610680.23;2148545991.78;"2025-01-05T23:59:59.999Z"
"2025-01-04T00:00:00.000Z";"2025-01-04T23:59:59.999Z";"2025-01-04T13:58:00.000Z";"2025-01-04T10:24:00.000Z";"2781";1.5995965822;1.6399190884;1.5648801875;1.5788416935;175546040.4;2194210776.98;"2025-01-04T23:59:59.999Z"
"2025-01-03T00:00:00.000Z";"2025-01-03T23:59:59.999Z";"2025-01-03T22:56:00.000Z";"2025-01-03T08:37:00.000Z";"2781";1.4461819412;1.616225633;1.4204667258;1.5995965822;234017496.88;2223055087.71;"2025-01-03T23:59:59.999Z"
"2025-01-02T00:00:00.000Z";"2025-01-02T23:59:59.999Z";"2025-01-02T13:13:00.000Z";"2025-01-02T22:26:00.000Z";"2781";1.4597168987;1.5246213505;1.4226288354;1.4461819412;214304459.25;2009845581.06;"2025-01-02T23:59:59.999Z"
"2025-01-01T00:00:00.000Z";"2025-01-01T23:59:59.999Z";"2025-01-01T23:30:00.000Z";"2025-01-01T09:20:00.000Z";"2781";1.3448458415;1.4718399651;1.311785804;1.4597156121;148942688.3;2028654133.24;"2025-01-01T23:59:59.999Z"
"2024-12-31T00:00:00.000Z";"2024-12-31T23:59:59.999Z";"2024-12-31T14:22:00.000Z";"2024-12-31T05:21:00.000Z";"2781";1.3674077041;1.4265122989;1.3139620288;1.3448458415;169915523.89;1869012739.45;"2024-12-31T23:59:59.999Z"
"2024-12-30T00:00:00.000Z";"2024-12-30T23:59:59.999Z";"2024-12-30T01:40:00.000Z";"2024-12-30T14:37:00.000Z";"2781";1.3902240814;1.4297944898;1.3214792232;1.3674077041;199714299.83;1900368309.94;"2024-12-30T23:59:59.999Z"
"2024-12-29T00:00:00.000Z";"2024-12-29T23:59:59.999Z";"2024-12-29T00:00:00.000Z";"2024-12-29T22:25:00.000Z";"2781";1.4980179581;1.4980569037;1.3821216613;1.39031051;121135196.05;1932197709.78;"2024-12-29T23:59:59.999Z"
"2024-12-28T00:00:00.000Z";"2024-12-28T23:59:59.999Z";"2024-12-28T18:10:00.000Z";"2024-12-28T06:46:00.000Z";"2781";1.4335097037;1.5365793112;1.3589663684;1.4980179581;270469376.77;2081885195.5;"2024-12-28T23:59:59.999Z"
"2024-12-27T00:00:00.000Z";"2024-12-27T23:59:59.999Z";"2024-12-27T09:16:00.000Z";"2024-12-27T23:41:00.000Z";"2781";1.4510391064;1.5304803498;1.4234833834;1.4334165037;210358165.33;1992272265.4;"2024-12-27T23:59:59.999Z"
"2024-12-26T00:00:00.000Z";"2024-12-26T23:59:59.999Z";"2024-12-26T00:20:00.000Z";"2024-12-26T21:17:00.000Z";"2781";1.6113310632;1.6244249786;1.4380723255;1.4510421731;283638041.65;2016595874.09;"2024-12-26T23:59:59.999Z"
"2024-12-25T00:00:00.000Z";"2024-12-25T23:59:59.999Z";"2024-12-25T00:00:00.000Z";"2024-12-25T16:38:00.000Z";"2781";1.7153821442;1.7153821442;1.6016123227;1.6113310632;167906013.75;2239363198.11;"2024-12-25T23:59:59.999Z"
"2024-12-24T00:00:00.000Z";"2024-12-24T23:59:59.999Z";"2024-12-24T18:19:00.000Z";"2024-12-24T10:46:00.000Z";"2781";1.6739762932;1.7336511203;1.6043367851;1.7153821442;259490933.99;2383969211.7;"2024-12-24T23:59:59.999Z"
"2024-12-23T00:00:00.000Z";"2024-12-23T23:59:59.999Z";"2024-12-23T21:29:00.000Z";"2024-12-23T14:55:00.000Z";"2781";1.6149190259;1.7306898612;1.5385250293;1.6739762932;319688841.91;2326425022.89;"2024-12-23T23:59:59.999Z"
"2024-12-22T00:00:00.000Z";"2024-12-22T23:59:59.999Z";"2024-12-22T09:49:00.000Z";"2024-12-22T20:11:00.000Z";"2781";1.6775478707;1.7146663217;1.5790959916;1.6148810287;267624047.11;2244296797.56;"2024-12-22T23:59:59.999Z"
"2024-12-21T00:00:00.000Z";"2024-12-21T23:59:59.999Z";"2024-12-21T04:34:00.000Z";"2024-12-21T23:10:00.000Z";"2781";1.7991276692;1.912962488;1.6441818852;1.6775478707;417209572.51;2331388657.86;"2024-12-21T23:59:59.999Z"
"2024-12-20T00:00:00.000Z";"2024-12-20T23:59:59.999Z";"2024-12-20T23:13:00.000Z";"2024-12-20T12:02:00.000Z";"2781";1.7529138966;1.8283403304;1.4789711507;1.7991276692;601354544.87;2500355378.95;"2024-12-20T23:59:59.999Z"
"2024-12-19T00:00:00.000Z";"2024-12-19T23:59:59.999Z";"2024-12-19T11:05:00.000Z";"2024-12-19T20:15:00.000Z";"2781";1.8126551888;1.9328516337;1.679144025;1.7529138966;574313382.79;2436129333.74;"2024-12-19T23:59:59.999Z"
"2024-12-18T00:00:00.000Z";"2024-12-18T23:59:59.999Z";"2024-12-18T11:07:00.000Z";"2024-12-18T23:52:00.000Z";"2781";1.9323047386;2.0189912822;1.8099096357;1.8126551888;465742728.77;2519155382.43;"2024-12-18T23:59:59.999Z"
"2024-12-17T00:00:00.000Z";"2024-12-17T23:59:59.999Z";"2024-12-17T03:22:00.000Z";"2024-12-17T16:04:00.000Z";"2781";2.0179047701;2.0470701169;1.8896849461;1.9323382602;343193971.68;2685439521.36;"2024-12-17T23:59:59.999Z"
"2024-12-16T00:00:00.000Z";"2024-12-16T23:59:59.999Z";"2024-12-16T00:39:00.000Z";"2024-12-16T12:48:00.000Z";"2781";2.0383459878;2.1412963311;1.9821049577;2.0179047701;512160080.18;2804403007.31;"2024-12-16T23:59:59.999Z"
"2024-12-15T00:00:00.000Z";"2024-12-15T23:59:59.999Z";"2024-12-15T23:39:00.000Z";"2024-12-15T07:43:00.000Z";"2781";1.8888363072;2.0749005905;1.7778556534;2.0383459878;386482072.63;2832811390.71;"2024-12-15T23:59:59.999Z"
"2024-12-14T00:00:00.000Z";"2024-12-14T23:59:59.999Z";"2024-12-14T01:38:00.000Z";"2024-12-14T20:58:00.000Z";"2781";1.9668800821;2.0025955677;1.8025523353;1.8888363072;318272545.31;2625028841.25;"2024-12-14T23:59:59.999Z"
"2024-12-13T00:00:00.000Z";"2024-12-13T23:59:59.999Z";"2024-12-13T15:38:00.000Z";"2024-12-13T00:02:00.000Z";"2781";1.7555746803;1.9841530877;1.7533584625;1.9668800821;506247477.41;2733490945.26;"2024-12-13T23:59:59.999Z"
"2024-12-12T00:00:00.000Z";"2024-12-12T23:59:59.999Z";"2024-12-12T09:19:00.000Z";"2024-12-12T23:25:00.000Z";"2781";1.781901468;1.9265758469;1.7355296026;1.7555746803;439482294.56;2439827184.07;"2024-12-12T23:59:59.999Z"
"2024-12-11T00:00:00.000Z";"2024-12-11T23:59:59.999Z";"2024-12-11T23:22:00.000Z";"2024-12-11T02:02:00.000Z";"2781";1.740255604;1.8324146533;1.6138804436;1.781901468;511882784.44;2476415096.4;"2024-12-11T23:59:59.999Z"
"2024-12-10T00:00:00.000Z";"2024-12-10T23:59:59.999Z";"2024-12-10T23:58:00.000Z";"2024-12-10T03:29:00.000Z";"2781";1.5274688333;1.7408738551;1.4025226469;1.7401126985;726286364.63;2418537347.1;"2024-12-10T23:59:59.999Z"
"2024-12-09T00:00:00.000Z";"2024-12-09T23:59:59.999Z";"2024-12-09T00:01:00.000Z";"2024-12-09T21:07:00.000Z";"2781";1.6902600585;1.6906621521;1.3836674347;1.5274809395;466815370.67;2122814839.09;"2024-12-09T23:59:59.999Z"
"2024-12-08T00:00:00.000Z";"2024-12-08T23:59:59.999Z";"2024-12-08T14:01:00.000Z";"2024-12-08T09:56:00.000Z";"2781";1.6779215563;1.7453109269;1.6489098858;1.6837917637;211524007.91;2340066169.58;"2024-12-08T23:59:59.999Z"
"2024-12-07T00:00:00.000Z";"2024-12-07T23:59:59.999Z";"2024-12-07T00:01:00.000Z";"2024-12-07T20:01:00.000Z";"2781";1.7680704541;1.7801643656;1.6662900986;1.6814301567;199731877.36;2336784102.99;"2024-12-07T23:59:59.999Z"
"2024-12-06T00:00:00.000Z";"2024-12-06T23:59:59.999Z";"2024-12-06T23:50:00.000Z";"2024-12-06T13:01:00.000Z";"2781";1.6774517152;1.7806361608;1.6162572682;1.7680704541;377897620.28;2457193308.77;"2024-12-06T23:59:59.999Z"
"2024-12-05T00:00:00.000Z";"2024-12-05T23:59:59.999Z";"2024-12-05T11:05:00.000Z";"2024-12-05T01:28:00.000Z";"2781";1.7358116232;1.8336074138;1.6566034422;1.6916570397;798531432.38;2350997014.22;"2024-12-05T23:59:59.999Z"
"2024-12-04T00:00:00.000Z";"2024-12-04T23:59:59.999Z";"2024-12-04T04:19:00.000Z";"2024-12-04T00:01:00.000Z";"2781";1.6486946726;1.9339912704;1.6391718024;1.7358116232;952730226.29;2412361281.07;"2024-12-04T23:59:59.999Z"
"2024-12-03T00:00:00.000Z";"2024-12-03T23:59:59.999Z";"2024-12-03T09:27:00.000Z";"2024-12-03T00:37:00.000Z";"2781";1.4839719134;1.8040842707;1.4172197277;1.6486946726;1197299391.74;2291289641.94;"2024-12-03T23:59:59.999Z"
"2024-12-02T00:00:00.000Z";"2024-12-02T23:59:59.999Z";"2024-12-02T23:59:00.000Z";"2024-12-02T08:50:00.000Z";"2781";1.2741980933;1.4839671694;1.1545004183;1.4839671694;395566661.85;2062364566.73;"2024-12-02T23:59:59.999Z"
"2024-12-01T00:00:00.000Z";"2024-12-01T23:59:59.999Z";"2024-12-01T23:30:00.000Z";"2024-12-01T05:23:00.000Z";"2781";1.2306935293;1.298897632;1.2257382568;1.2741980933;200584656.02;1770829336.32;"2024-12-01T23:59:59.999Z"
"2024-11-30T00:00:00.000Z";"2024-11-30T23:59:59.999Z";"2024-11-30T15:11:00.000Z";"2024-11-30T00:10:00.000Z";"2781";1.168471838;1.2782143409;1.1586547114;1.2306935293;351182790.85;1710368440.48;"2024-11-30T23:59:59.999Z"
"2024-11-29T00:00:00.000Z";"2024-11-29T23:59:59.999Z";"2024-11-29T23:04:00.000Z";"2024-11-29T08:01:00.000Z";"2781";1.0996835921;1.1925901778;1.0661315009;1.168471838;143383463.82;1623895232.87;"2024-11-29T23:59:59.999Z"
"2024-11-28T00:00:00.000Z";"2024-11-28T23:59:59.999Z";"2024-11-28T22:56:00.000Z";"2024-11-28T03:40:00.000Z";"2781";1.0913496787;1.1159048461;1.0530084619;1.0996835921;136844075.35;1528296091.39;"2024-11-28T23:59:59.999Z"
"2024-11-27T00:00:00.000Z";"2024-11-27T23:59:59.999Z";"2024-11-27T23:59:00.000Z";"2024-11-27T01:05:00.000Z";"2781";1.0194736994;1.0913496787;1.0001885271;1.0913496787;142801363.73;1516713953.2;"2024-11-27T23:59:59.999Z"
"2024-11-26T00:00:00.000Z";"2024-11-26T23:59:59.999Z";"2024-11-26T06:49:00.000Z";"2024-11-26T11:47:00.000Z";"2781";1.0116274299;1.0524399874;0.9536247451;1.0194736994;175751149.09;1416823603.84;"2024-11-26T23:59:59.999Z"
"2024-11-25T00:00:00.000Z";"2024-11-25T23:59:59.999Z";"2024-11-25T00:25:00.000Z";"2024-11-25T22:40:00.000Z";"2781";1.0627506674;1.1033184814;0.9928400998;1.0116274299;222773630.25;1405919173.57;"2024-11-25T23:59:59.999Z"
"2024-11-24T00:00:00.000Z";"2024-11-24T23:59:59.999Z";"2024-11-24T07:11:00.000Z";"2024-11-24T12:46:00.000Z";"2781";1.0513528593;1.0752140995;0.9696471429;1.0627506674;203855686.5;1476548814.47;"2024-11-24T23:59:59.999Z"
"2024-11-23T00:00:00.000Z";"2024-11-23T23:59:59.999Z";"2024-11-23T12:39:00.000Z";"2024-11-23T02:57:00.000Z";"2781";1.0402249155;1.1192680567;1.0104664716;1.0513528593;283817808.95;1461127979.92;"2024-11-23T23:59:59.999Z"
"2024-11-22T00:00:00.000Z";"2024-11-22T23:59:59.999Z";"2024-11-22T23:56:00.000Z";"2024-11-22T13:31:00.000Z";"2781";1.0119762452;1.0422592537;0.9569421333;1.0402249155;171906101.8;1445662810.51;"2024-11-22T23:59:59.999Z"
"2024-11-21T00:00:00.000Z";"2024-11-21T23:59:59.999Z";"2024-11-21T23:01:00.000Z";"2024-11-21T02:44:00.000Z";"2781";0.9687881189;1.0276380746;0.9491712016;1.0119446287;220049529.86;1406360003.7;"2024-11-21T23:59:59.999Z"
"2024-11-20T00:00:00.000Z";"2024-11-20T23:59:59.999Z";"2024-11-20T10:20:00.000Z";"2024-11-20T19:28:00.000Z";"2781";1.0162104211;1.0380801396;0.9484115109;0.9687881189;182113348.08;1346382819.61;"2024-11-20T23:59:59.999Z"
"2024-11-19T00:00:00.000Z";"2024-11-19T23:59:59.999Z";"2024-11-19T05:37:00.000Z";"2024-11-19T22:34:00.000Z";"2781";1.0280215796;1.0817424029;0.9873589096;1.0162104211;238268097.9;1412288430.7;"2024-11-19T23:59:59.999Z"
"2024-11-18T00:00:00.000Z";"2024-11-18T23:59:59.999Z";"2024-11-18T23:59:00.000Z";"2024-11-18T00:14:00.000Z";"2781";0.9244993137;1.0280215796;0.9172430119;1.0280215796;234764364.51;1428703104.44;"2024-11-18T23:59:59.999Z"
"2024-11-17T00:00:00.000Z";"2024-11-17T23:59:59.999Z";"2024-11-17T01:25:00.000Z";"2024-11-17T22:07:00.000Z";"2781";0.9983924573;1.0026020606;0.9081725533;0.9244993137;212978837.48;1284832016.91;"2024-11-17T23:59:59.999Z"
"2024-11-16T00:00:00.000Z";"2024-11-16T23:59:59.999Z";"2024-11-16T21:22:00.000Z";"2024-11-16T00:16:00.000Z";"2781";0.8765574525;1.0165462369;0.8711636353;0.9983924573;348338358.08;1387525740.25;"2024-11-16T23:59:59.999Z"
"2024-11-15T00:00:00.000Z";"2024-11-15T23:59:59.999Z";"2024-11-15T22:43:00.000Z";"2024-11-15T04:52:00.000Z";"2781";0.8319135586;0.8815128259;0.8108234005;0.877920457;201157838.08;1220098592.57;"2024-11-15T23:59:59.999Z"
"2024-11-14T00:00:00.000Z";"2024-11-14T23:59:59.999Z";"2024-11-14T08:19:00.000Z";"2024-11-14T23:41:00.000Z";"2781";0.8745023108;0.940546721;0.8249587571;0.8319174047;314471818.22;1156160052.79;"2024-11-14T23:59:59.999Z"
"2024-11-13T00:00:00.000Z";"2024-11-13T23:59:59.999Z";"2024-11-13T16:19:00.000Z";"2024-11-13T06:40:00.000Z";"2781";0.8893518499;0.9426772457;0.7946789645;0.8745023108;400405603.04;1215348190.22;"2024-11-13T23:59:59.999Z"
"2024-11-12T00:00:00.000Z";"2024-11-12T23:59:59.999Z";"2024-11-12T00:56:00.000Z";"2024-11-12T10:52:00.000Z";"2781";0.9572329194;0.9598943341;0.8446551899;0.8893849268;449352476.13;1235985483.31;"2024-11-12T23:59:59.999Z"
"2024-11-11T00:00:00.000Z";"2024-11-11T23:59:59.999Z";"2024-11-11T23:58:00.000Z";"2024-11-11T00:04:00.000Z";"2781";0.8442431618;0.9572851374;0.8388718784;0.9572329194;518902624.56;1330323867.48;"2024-11-11T23:59:59.999Z"
"2024-11-10T00:00:00.000Z";"2024-11-10T23:59:59.999Z";"2024-11-10T17:56:00.000Z";"2024-11-10T01:19:00.000Z";"2781";0.7666136502;0.863921887;0.7483209863;0.8442431618;418227127.97;1173295240.13;"2024-11-10T23:59:59.999Z"
"2024-11-09T00:00:00.000Z";"2024-11-09T23:59:59.999Z";"2024-11-09T23:52:00.000Z";"2024-11-09T02:26:00.000Z";"2781";0.7242116433;0.76873217;0.7101419489;0.7666136502;128915431.65;1065408862.7;"2024-11-09T23:59:59.999Z"
"2024-11-08T00:00:00.000Z";"2024-11-08T23:59:59.999Z";"2024-11-08T00:49:00.000Z";"2024-11-08T17:12:00.000Z";"2781";0.741655612;0.7539522568;0.7088829921;0.7242116433;135910193.74;1006480256.48;"2024-11-08T23:59:59.999Z"
"2024-11-07T00:00:00.000Z";"2024-11-07T23:59:59.999Z";"2024-11-07T18:35:00.000Z";"2024-11-07T06:49:00.000Z";"2781";0.7366213873;0.7650378562;0.7223532821;0.741655612;134939896.08;1030723183.52;"2024-11-07T23:59:59.999Z"
"2024-11-06T00:00:00.000Z";"2024-11-06T23:59:59.999Z";"2024-11-06T22:58:00.000Z";"2024-11-06T00:00:00.000Z";"2781";0.6254714513;0.7411314108;0.6254685711;0.7366213873;179738223.65;1023726820.19;"2024-11-06T23:59:59.999Z"
"2024-11-05T00:00:00.000Z";"2024-11-05T23:59:59.999Z";"2024-11-05T14:52:00.000Z";"2024-11-05T00:00:00.000Z";"2781";0.595698506;0.6479576769;0.595690295;0.6254714513;77270860.06;869255103.18;"2024-11-05T23:59:59.999Z"
"2024-11-04T00:00:00.000Z";"2024-11-04T23:59:59.999Z";"2024-11-04T03:04:00.000Z";"2024-11-04T22:00:00.000Z";"2781";0.6216556639;0.633335971;0.5814237575;0.595698506;76377406.44;827877859.54;"2024-11-04T23:59:59.999Z"
"2024-11-03T00:00:00.000Z";"2024-11-03T23:59:59.999Z";"2024-11-03T00:16:00.000Z";"2024-11-03T15:10:00.000Z";"2781";0.6367234743;0.6395971522;0.5889274847;0.6217236486;91013532.32;863952075.02;"2024-11-03T23:59:59.999Z"
"2024-11-02T00:00:00.000Z";"2024-11-02T23:59:59.999Z";"2024-11-02T02:31:00.000Z";"2024-11-02T18:31:00.000Z";"2781";0.6677266705;0.672952761;0.6326499204;0.6367234743;76056136.87;884892712.77;"2024-11-02T23:59:59.999Z"
"2024-11-01T00:00:00.000Z";"2024-11-01T23:59:59.999Z";"2024-11-01T14:22:00.000Z";"2024-11-01T21:37:00.000Z";"2781";0.6916531248;0.7142276132;0.6625356275;0.6677266705;83623692.82;927979709.7;"2024-11-01T23:59:59.999Z"
"2024-10-31T00:00:00.000Z";"2024-10-31T23:59:59.999Z";"2024-10-31T00:04:00.000Z";"2024-10-31T20:49:00.000Z";"2781";0.7251627535;0.7256128088;0.6859501365;0.6916531248;63011958.03;961257750.73;"2024-10-31T23:59:59.999Z"
"2024-10-30T00:00:00.000Z";"2024-10-30T23:59:59.999Z";"2024-10-30T14:41:00.000Z";"2024-10-30T12:06:00.000Z";"2781";0.7353009401;0.7493411779;0.7175519665;0.7251658231;87221820.31;1007802071.19;"2024-10-30T23:59:59.999Z"
"2024-10-29T00:00:00.000Z";"2024-10-29T23:59:59.999Z";"2024-10-29T17:38:00.000Z";"2024-10-29T00:10:00.000Z";"2781";0.6776262868;0.7422170812;0.6755331039;0.7353009401;137965357.84;1021891715.82;"2024-10-29T23:59:59.999Z"
"2024-10-28T00:00:00.000Z";"2024-10-28T23:59:59.999Z";"2024-10-28T00:13:00.000Z";"2024-10-28T17:09:00.000Z";"2781";0.6964310763;0.6977281534;0.6481042708;0.6776423738;77092881.21;941737798.93;"2024-10-28T23:59:59.999Z"
"2024-10-27T00:00:00.000Z";"2024-10-27T23:59:59.999Z";"2024-10-27T22:16:00.000Z";"2024-10-27T11:13:00.000Z";"2781";0.6858275942;0.7047645657;0.6766840277;0.6964310763;39843130.71;967871940.11;"2024-10-27T23:59:59.999Z"
"2024-10-26T00:00:00.000Z";"2024-10-26T23:59:59.999Z";"2024-10-26T10:34:00.000Z";"2024-10-26T00:07:00.000Z";"2781";0.671731377;0.6957786146;0.66311608;0.6858058551;51028911.4;953135646.6;"2024-10-26T23:59:59.999Z"
"2024-10-25T00:00:00.000Z";"2024-10-25T23:59:59.999Z";"2024-10-25T00:05:00.000Z";"2024-10-25T23:25:00.000Z";"2781";0.7588562545;0.7599215556;0.6463416713;0.6717322861;95104425.89;933545290;"2024-10-25T23:59:59.999Z"
"2024-10-24T00:00:00.000Z";"2024-10-24T23:59:59.999Z";"2024-10-24T21:25:00.000Z";"2024-10-24T09:07:00.000Z";"2781";0.7473842808;0.7680442965;0.7358424916;0.7588562545;59464435.45;1054627945.66;"2024-10-24T23:59:59.999Z"
"2024-10-23T00:00:00.000Z";"2024-10-23T23:59:59.999Z";"2024-10-23T00:04:00.000Z";"2024-10-23T18:08:00.000Z";"2781";0.7663156692;0.7684043917;0.7185938668;0.7459136639;71261661.57;1036642011.21;"2024-10-23T23:59:59.999Z"
"2024-10-22T00:00:00.000Z";"2024-10-22T23:59:59.999Z";"2024-10-22T06:38:00.000Z";"2024-10-22T09:42:00.000Z";"2781";0.7711885274;0.7832420616;0.7513188463;0.7663156692;81316206.78;1064994740.71;"2024-10-22T23:59:59.999Z"
"2024-10-21T00:00:00.000Z";"2024-10-21T23:59:59.999Z";"2024-10-21T00:18:00.000Z";"2024-10-21T18:22:00.000Z";"2781";0.833320954;0.837885939;0.7661713929;0.7711885274;108144660.66;1071766843.22;"2024-10-21T23:59:59.999Z"
"2024-10-20T00:00:00.000Z";"2024-10-20T23:59:59.999Z";"2024-10-20T23:37:00.000Z";"2024-10-20T03:31:00.000Z";"2781";0.7900881337;0.8374950553;0.7695252524;0.833320954;84017015.11;1158115994.42;"2024-10-20T23:59:59.999Z"
"2024-10-19T00:00:00.000Z";"2024-10-19T23:59:59.999Z";"2024-10-19T00:14:00.000Z";"2024-10-19T12:07:00.000Z";"2781";0.8051018923;0.8172517691;0.7731448279;0.7901104064;83668524.5;1098032757.11;"2024-10-19T23:59:59.999Z"
"2024-10-18T00:00:00.000Z";"2024-10-18T23:59:59.999Z";"2024-10-18T20:03:00.000Z";"2024-10-18T01:01:00.000Z";"2781";0.7123649817;0.8103152439;0.7114070089;0.8050928014;147059735.64;1118898275.85;"2024-10-18T23:59:59.999Z"
"2024-10-17T00:00:00.000Z";"2024-10-17T23:59:59.999Z";"2024-10-17T00:43:00.000Z";"2024-10-17T18:38:00.000Z";"2781";0.7297535145;0.7379008848;0.7024419938;0.7123649817;61156343.07;990016241.88;"2024-10-17T23:59:59.999Z"
"2024-10-16T00:00:00.000Z";"2024-10-16T23:59:59.999Z";"2024-10-16T11:54:00.000Z";"2024-10-16T07:46:00.000Z";"2781";0.7458917788;0.7541601956;0.7244667566;0.7297351811;76124263.34;1014182126.39;"2024-10-16T23:59:59.999Z"
"2024-10-15T00:00:00.000Z";"2024-10-15T23:59:59.999Z";"2024-10-15T14:03:00.000Z";"2024-10-15T15:11:00.000Z";"2781";0.7611221844;0.7697583191;0.7189359013;0.7458917788;108358792.32;1036610438.04;"2024-10-15T23:59:59.999Z"
"2024-10-14T00:00:00.000Z";"2024-10-14T23:59:59.999Z";"2024-10-14T23:02:00.000Z";"2024-10-14T01:01:00.000Z";"2781";0.7262057345;0.7650096764;0.7059843215;0.7611221844;93767800.01;1057777044.02;"2024-10-14T23:59:59.999Z"
"2024-10-13T00:00:00.000Z";"2024-10-13T23:59:59.999Z";"2024-10-13T23:58:00.000Z";"2024-10-13T15:31:00.000Z";"2781";0.7126997833;0.7269360954;0.6753370455;0.7262057345;56530743.02;1009251564.31;"2024-10-13T23:59:59.999Z"
"2024-10-12T00:00:00.000Z";"2024-10-12T23:59:59.999Z";"2024-10-12T14:52:00.000Z";"2024-10-12T03:30:00.000Z";"2781";0.709025053;0.7274054947;0.7041259767;0.7126997833;44089122.27;990481535.76;"2024-10-12T23:59:59.999Z"
"2024-10-11T00:00:00.000Z";"2024-10-11T23:59:59.999Z";"2024-10-11T21:55:00.000Z";"2024-10-11T01:38:00.000Z";"2781";0.6776288217;0.7204719844;0.6701446557;0.709025053;58095990.41;985374543.16;"2024-10-11T23:59:59.999Z"
"2024-10-10T00:00:00.000Z";"2024-10-10T23:59:59.999Z";"2024-10-10T02:29:00.000Z";"2024-10-10T18:34:00.000Z";"2781";0.6610582981;0.6796907468;0.6468624337;0.6776438217;63578402.61;941741321.8;"2024-10-10T23:59:59.999Z"
"2024-10-09T00:00:00.000Z";"2024-10-09T23:59:59.999Z";"2024-10-09T01:39:00.000Z";"2024-10-09T21:03:00.000Z";"2781";0.6847383437;0.6912383184;0.6560580302;0.6610582981;52445844.23;918712273.65;"2024-10-09T23:59:59.999Z"
"2024-10-08T00:00:00.000Z";"2024-10-08T23:59:59.999Z";"2024-10-08T04:35:00.000Z";"2024-10-08T19:17:00.000Z";"2781";0.7053324464;0.7166657443;0.6762555851;0.6847383437;63234527.48;951621849.99;"2024-10-08T23:59:59.999Z"
"2024-10-07T00:00:00.000Z";"2024-10-07T23:59:59.999Z";"2024-10-07T01:58:00.000Z";"2024-10-07T23:59:00.000Z";"2781";0.7425615945;0.7686346123;0.7051736102;0.7053324464;237579692.49;980242706.85;"2024-10-07T23:59:59.999Z"
"2024-10-06T00:00:00.000Z";"2024-10-06T23:59:59.999Z";"2024-10-06T16:10:00.000Z";"2024-10-06T04:43:00.000Z";"2781";0.710803921;0.7426851974;0.7009556709;0.7425615945;368451956.5;1031982281.66;"2024-10-06T23:59:59.999Z"
"2024-10-05T00:00:00.000Z";"2024-10-05T23:59:59.999Z";"2024-10-05T13:04:00.000Z";"2024-10-05T21:01:00.000Z";"2781";0.7084423315;0.7283957116;0.6931931068;0.710803921;345639387.2;987846742.49;"2024-10-05T23:59:59.999Z"
"2024-10-04T00:00:00.000Z";"2024-10-04T23:59:59.999Z";"2024-10-04T18:43:00.000Z";"2024-10-04T01:02:00.000Z";"2781";0.6755054574;0.7161288396;0.6692962496;0.7084423315;595162770.13;984564700.21;"2024-10-04T23:59:59.999Z"
"2024-10-03T00:00:00.000Z";"2024-10-03T23:59:59.999Z";"2024-10-03T04:01:00.000Z";"2024-10-03T17:04:00.000Z";"2781";0.7036931041;0.7216563245;0.658828292;0.6755054574;566968569.17;938790355.36;"2024-10-03T23:59:59.999Z"
"2024-10-02T00:00:00.000Z";"2024-10-02T23:59:59.999Z";"2024-10-02T08:37:00.000Z";"2024-10-02T19:22:00.000Z";"2781";0.7227109211;0.7429906576;0.6906523419;0.7036931041;546374286.5;977964414.64;"2024-10-02T23:59:59.999Z"
"2024-10-01T00:00:00.000Z";"2024-10-01T23:59:59.999Z";"2024-10-01T10:52:00.000Z";"2024-10-01T17:24:00.000Z";"2781";0.7505494537;0.7953150746;0.693027602;0.722715012;667051866.74;1004394613.03;"2024-10-01T23:59:59.999Z"
"2024-09-30T00:00:00.000Z";"2024-09-30T23:59:59.999Z";"2024-09-30T01:08:00.000Z";"2024-09-30T23:52:00.000Z";"2781";0.8075732179;0.8086891332;0.7443023603;0.7505494537;460736223.73;1043083487.48;"2024-09-30T23:59:59.999Z"
"2024-09-29T00:00:00.000Z";"2024-09-29T23:59:59.999Z";"2024-09-29T20:07:00.000Z";"2024-09-29T13:04:00.000Z";"2781";0.8187379675;0.8298375925;0.7879199215;0.8075595815;454998138.35;1122332824.83;"2024-09-29T23:59:59.999Z"
"2024-09-28T00:00:00.000Z";"2024-09-28T23:59:59.999Z";"2024-09-28T04:42:00.000Z";"2024-09-28T21:23:00.000Z";"2781";0.8368119058;0.8571704953;0.8028114511;0.8187379675;437550618.55;1137849145.5;"2024-09-28T23:59:59.999Z"
"2024-09-27T00:00:00.000Z";"2024-09-27T23:59:59.999Z";"2024-09-27T09:01:00.000Z";"2024-09-27T03:04:00.000Z";"2781";0.8225456207;0.8728710195;0.8153365206;0.836942386;569340550.61;1162967579.01;"2024-09-27T23:59:59.999Z"
"2024-09-26T00:00:00.000Z";"2024-09-26T23:59:59.999Z";"2024-09-26T22:14:00.000Z";"2024-09-26T01:07:00.000Z";"2781";0.7658274734;0.8285488409;0.7507508948;0.8225456207;539497597.26;1143140868.93;"2024-09-26T23:59:59.999Z"
"2024-09-25T00:00:00.000Z";"2024-09-25T23:59:59.999Z";"2024-09-25T14:04:00.000Z";"2024-09-25T08:22:00.000Z";"2781";0.7783112477;0.8060206759;0.7565192262;0.7658274734;494102374.74;1064316265.67;"2024-09-25T23:59:59.999Z"
"2024-09-24T00:00:00.000Z";"2024-09-24T23:59:59.999Z";"2024-09-24T23:31:00.000Z";"2024-09-24T02:13:00.000Z";"2781";0.7334630875;0.7818709254;0.7148000102;0.7782466706;501523505.16;1081575967.21;"2024-09-24T23:59:59.999Z"
"2024-09-23T00:00:00.000Z";"2024-09-23T23:59:59.999Z";"2024-09-23T16:09:00.000Z";"2024-09-23T00:20:00.000Z";"2781";0.6852669743;0.7488550218;0.6725787486;0.7334630875;558396811.59;1019337542.04;"2024-09-23T23:59:59.999Z"
"2024-09-22T00:00:00.000Z";"2024-09-22T23:59:59.999Z";"2024-09-22T00:11:00.000Z";"2024-09-22T22:09:00.000Z";"2781";0.7028444561;0.7096499438;0.662479022;0.6852669743;367199736;952356519.54;"2024-09-22T23:59:59.999Z"
"2024-09-21T00:00:00.000Z";"2024-09-21T23:59:59.999Z";"2024-09-21T23:53:00.000Z";"2024-09-21T04:39:00.000Z";"2781";0.6890789789;0.7045851589;0.6705785144;0.7028444561;324078790.24;976784997.83;"2024-09-21T23:59:59.999Z"
"2024-09-20T00:00:00.000Z";"2024-09-20T23:59:59.999Z";"2024-09-20T05:36:00.000Z";"2024-09-20T01:11:00.000Z";"2781";0.6530247557;0.7135879136;0.6395705685;0.6890789789;452269646.53;957654290.42;"2024-09-20T23:59:59.999Z"
"2024-09-19T00:00:00.000Z";"2024-09-19T23:59:59.999Z";"2024-09-19T17:11:00.000Z";"2024-09-19T01:35:00.000Z";"2781";0.6338094098;0.6736674276;0.6292337463;0.6530247557;388654778.68;907547578.98;"2024-09-19T23:59:59.999Z"
"2024-09-18T00:00:00.000Z";"2024-09-18T23:59:59.999Z";"2024-09-18T23:58:00.000Z";"2024-09-18T16:05:00.000Z";"2781";0.5972818609;0.6338177842;0.5801526642;0.6338094098;343731067.73;880842863;"2024-09-18T23:59:59.999Z"
"2024-09-17T00:00:00.000Z";"2024-09-17T23:59:59.999Z";"2024-09-17T16:11:00.000Z";"2024-09-17T01:16:00.000Z";"2781";0.5947584457;0.6204291137;0.5863441322;0.5972818609;275977174.68;830078342.52;"2024-09-17T23:59:59.999Z"
"2024-09-16T00:00:00.000Z";"2024-09-16T23:59:59.999Z";"2024-09-16T00:00:00.000Z";"2024-09-16T21:03:00.000Z";"2781";0.6123762875;0.6123770685;0.5851675064;0.5947593394;272307165.47;826571401.4;"2024-09-16T23:59:59.999Z"
"2024-09-15T00:00:00.000Z";"2024-09-15T23:59:59.999Z";"2024-09-15T02:57:00.000Z";"2024-09-15T23:13:00.000Z";"2781";0.6439355013;0.6529151428;0.6088101027;0.6123762875;202197286.1;851055970.43;"2024-09-15T23:59:59.999Z"
"2024-09-14T00:00:00.000Z";"2024-09-14T23:59:59.999Z";"2024-09-14T00:14:00.000Z";"2024-09-14T11:50:00.000Z";"2781";0.6535281373;0.6562221911;0.6325267096;0.6439355013;34153871.5;894915698.31;"2024-09-14T23:59:59.999Z"
"2024-09-13T00:00:00.000Z";"2024-09-13T23:59:59.999Z";"2024-09-13T22:25:00.000Z";"2024-09-13T12:29:00.000Z";"2781";0.6363454495;0.6589879372;0.6255551603;0.653524453;47080777.13;908247158.48;"2024-09-13T23:59:59.999Z"
"2024-09-12T00:00:00.000Z";"2024-09-12T23:59:59.999Z";"2024-09-12T04:25:00.000Z";"2024-09-12T15:49:00.000Z";"2781";0.6206590939;0.6388940105;0.6180825515;0.6363454495;47416351.86;884367349.14;"2024-09-12T23:59:59.999Z"
"2024-09-11T00:00:00.000Z";"2024-09-11T23:59:59.999Z";"2024-09-11T00:00:00.000Z";"2024-09-11T14:49:00.000Z";"2781";0.6376389536;0.6376444129;0.6025903636;0.620665205;47071900.67;862575575.1;"2024-09-11T23:59:59.999Z"
"2024-09-10T00:00:00.000Z";"2024-09-10T23:59:59.999Z";"2024-09-10T20:42:00.000Z";"2024-09-10T04:40:00.000Z";"2781";0.628238664;0.6416852782;0.6141684666;0.6376380012;45701462.64;886165009.11;"2024-09-10T23:59:59.999Z"
"2024-09-09T00:00:00.000Z";"2024-09-09T23:59:59.999Z";"2024-09-09T21:20:00.000Z";"2024-09-09T05:10:00.000Z";"2781";0.5893844015;0.635312445;0.5873826553;0.628238664;51129209.04;873100864.2;"2024-09-09T23:59:59.999Z"
"2024-09-08T00:00:00.000Z";"2024-09-08T23:59:59.999Z";"2024-09-08T22:31:00.000Z";"2024-09-08T16:17:00.000Z";"2781";0.5769164699;0.5970851809;0.5718995742;0.5893844015;31327149.43;819102770.68;"2024-09-08T23:59:59.999Z"
"2024-09-07T00:00:00.000Z";"2024-09-07T23:59:59.999Z";"2024-09-07T15:40:00.000Z";"2024-09-07T01:21:00.000Z";"2781";0.5717466618;0.5931863934;0.568306611;0.5769164699;39779874.68;801775340.01;"2024-09-07T23:59:59.999Z"
"2024-09-06T00:00:00.000Z";"2024-09-06T23:59:59.999Z";"2024-09-06T13:00:00.000Z";"2024-09-06T21:04:00.000Z";"2781";0.5698337314;0.5970790993;0.5420215164;0.5717466618;79403292.92;794590548.39;"2024-09-06T23:59:59.999Z"
"2024-09-05T00:00:00.000Z";"2024-09-05T23:59:59.999Z";"2024-09-05T02:07:00.000Z";"2024-09-05T21:37:00.000Z";"2781";0.5972055792;0.6054773334;0.5667522332;0.5698412314;46182040.61;791942457.78;"2024-09-05T23:59:59.999Z"
"2024-09-04T00:00:00.000Z";"2024-09-04T23:59:59.999Z";"2024-09-04T16:39:00.000Z";"2024-09-04T01:06:00.000Z";"2781";0.5786366625;0.609691969;0.5617218799;0.5972055792;65850207.67;829972329.23;"2024-09-04T23:59:59.999Z"
"2024-09-03T00:00:00.000Z";"2024-09-03T23:59:59.999Z";"2024-09-03T02:22:00.000Z";"2024-09-03T23:56:00.000Z";"2781";0.6193479344;0.6318919958;0.5784478151;0.5786071782;43910817.3;804165994.62;"2024-09-03T23:59:59.999Z"
"2024-09-02T00:00:00.000Z";"2024-09-02T23:59:59.999Z";"2024-09-02T21:06:00.000Z";"2024-09-02T07:50:00.000Z";"2781";0.5918722688;0.6297172118;0.5853960759;0.6193479344;46743015.59;860744885.3;"2024-09-02T23:59:59.999Z"
"2024-09-01T00:00:00.000Z";"2024-09-01T23:59:59.999Z";"2024-09-01T00:13:00.000Z";"2024-09-01T23:16:00.000Z";"2781";0.6309097356;0.6323993162;0.5905380047;0.5918796601;47105721.05;822570580.83;"2024-09-01T23:59:59.999Z"
"2024-08-31T00:00:00.000Z";"2024-08-31T23:59:59.999Z";"2024-08-31T00:48:00.000Z";"2024-08-31T20:31:00.000Z";"2781";0.6497045273;0.6553352373;0.6248634283;0.6309097356;30151535.2;876813012.25;"2024-08-31T23:59:59.999Z"
"2024-08-30T00:00:00.000Z";"2024-08-30T23:59:59.999Z";"2024-08-30T07:31:00.000Z";"2024-08-30T16:04:00.000Z";"2781";0.6550856592;0.6594519347;0.614842865;0.6497045273;58621228.43;902933258.91;"2024-08-30T23:59:59.999Z"
"2024-08-29T00:00:00.000Z";"2024-08-29T23:59:59.999Z";"2024-08-29T15:41:00.000Z";"2024-08-29T22:13:00.000Z";"2781";0.6651175711;0.6887708153;0.647892091;0.6550856592;52411321.51;910411739.96;"2024-08-29T23:59:59.999Z"
"2024-08-28T00:00:00.000Z";"2024-08-28T23:59:59.999Z";"2024-08-28T10:01:00.000Z";"2024-08-28T16:25:00.000Z";"2781";0.6701894926;0.6881431562;0.6429559703;0.6651175711;77969812.64;924353688.24;"2024-08-28T23:59:59.999Z"
"2024-08-27T00:00:00.000Z";"2024-08-27T23:59:59.999Z";"2024-08-27T06:01:00.000Z";"2024-08-27T22:17:00.000Z";"2781";0.6958398419;0.7097583629;0.6505168766;0.6701894926;86635394.46;931402440.98;"2024-08-27T23:59:59.999Z"
"2024-08-26T00:00:00.000Z";"2024-08-26T23:59:59.999Z";"2024-08-26T00:10:00.000Z";"2024-08-26T21:27:00.000Z";"2781";0.7384972258;0.7425419823;0.6904233021;0.6958413419;91519934.64;967050266.31;"2024-08-26T23:59:59.999Z"
"2024-08-25T00:00:00.000Z";"2024-08-25T23:59:59.999Z";"2024-08-25T00:01:00.000Z";"2024-08-25T07:46:00.000Z";"2781";0.7713733172;0.771873156;0.7291724454;0.7384089401;93020709.42;1026211089.34;"2024-08-25T23:59:59.999Z"
"2024-08-24T00:00:00.000Z";"2024-08-24T23:59:59.999Z";"2024-08-24T17:21:00.000Z";"2024-08-24T22:17:00.000Z";"2781";0.7792227836;0.8028181823;0.7603948553;0.7713733172;97120675.77;1072023656.79;"2024-08-24T23:59:59.999Z"
"2024-08-23T00:00:00.000Z";"2024-08-23T23:59:59.999Z";"2024-08-23T22:28:00.000Z";"2024-08-23T12:01:00.000Z";"2781";0.7232147936;0.7949070013;0.7210191481;0.7792227836;121311906;1082932529.81;"2024-08-23T23:59:59.999Z"
"2024-08-22T00:00:00.000Z";"2024-08-22T23:59:59.999Z";"2024-08-22T23:07:00.000Z";"2024-08-22T01:07:00.000Z";"2781";0.6973924845;0.7282148279;0.6900877335;0.7232147936;76206730.63;1005094874.7;"2024-08-22T23:59:59.999Z"
"2024-08-21T00:00:00.000Z";"2024-08-21T23:59:59.999Z";"2024-08-21T20:07:00.000Z";"2024-08-21T13:47:00.000Z";"2781";0.6720094082;0.7090799755;0.6611438314;0.6973924845;70066579.18;969208066.63;"2024-08-21T23:59:59.999Z"
"2024-08-20T00:00:00.000Z";"2024-08-20T23:59:59.999Z";"2024-08-20T01:04:00.000Z";"2024-08-20T15:13:00.000Z";"2781";0.6850094628;0.7151416634;0.6626528671;0.6758828628;97625430.17;939314858.18;"2024-08-20T23:59:59.999Z"
"2024-08-19T00:00:00.000Z";"2024-08-19T23:59:59.999Z";"2024-08-19T00:00:00.000Z";"2024-08-19T11:31:00.000Z";"2781";0.6888113137;0.6888216729;0.658055341;0.6850094628;86657907.98;951998640.43;"2024-08-19T23:59:59.999Z"
"2024-08-18T00:00:00.000Z";"2024-08-18T23:59:59.999Z";"2024-08-18T16:25:00.000Z";"2024-08-18T23:58:00.000Z";"2781";0.7011503401;0.7180873694;0.6887616834;0.6888113137;61378058.58;957282300.09;"2024-08-18T23:59:59.999Z"
"2024-08-17T00:00:00.000Z";"2024-08-17T23:59:59.999Z";"2024-08-17T17:12:00.000Z";"2024-08-17T12:13:00.000Z";"2781";0.6969481001;0.7070847902;0.6898730103;0.7011503401;61035631.43;974430583.4;"2024-08-17T23:59:59.999Z"
"2024-08-16T00:00:00.000Z";"2024-08-16T23:59:59.999Z";"2024-08-16T00:23:00.000Z";"2024-08-16T17:27:00.000Z";"2781";0.7196392699;0.731810631;0.6866582749;0.6969481001;107540647.56;968590479.05;"2024-08-16T23:59:59.999Z"
"2024-08-15T00:00:00.000Z";"2024-08-15T23:59:59.999Z";"2024-08-15T14:05:00.000Z";"2024-08-15T19:13:00.000Z";"2781";0.7320398297;0.7429508552;0.6853441214;0.7196397699;108820688.99;1000125755.46;"2024-08-15T23:59:59.999Z"
"2024-08-14T00:00:00.000Z";"2024-08-14T23:59:59.999Z";"2024-08-14T12:46:00.000Z";"2024-08-14T19:17:00.000Z";"2781";0.7659674937;0.777741967;0.7248415861;0.7320398297;113921595.85;1017359555.45;"2024-08-14T23:59:59.999Z"
"2024-08-13T00:00:00.000Z";"2024-08-13T23:59:59.999Z";"2024-08-13T17:13:00.000Z";"2024-08-13T10:25:00.000Z";"2781";0.7517148003;0.7729990413;0.7276717594;0.7659674937;96036812.25;1064510860.28;"2024-08-13T23:59:59.999Z"
"2024-08-12T00:00:00.000Z";"2024-08-12T23:59:59.999Z";"2024-08-12T12:34:00.000Z";"2024-08-12T07:22:00.000Z";"2781";0.7227829697;0.7839081321;0.7152750392;0.7517148003;138638783.05;1044703039.41;"2024-08-12T23:59:59.999Z"
"2024-08-11T00:00:00.000Z";"2024-08-11T23:59:59.999Z";"2024-08-11T09:38:00.000Z";"2024-08-11T23:23:00.000Z";"2781";0.7822813861;0.8232448586;0.7221274243;0.7227829697;137323566.45;1004494743.24;"2024-08-11T23:59:59.999Z"
"2024-08-10T00:00:00.000Z";"2024-08-10T23:59:59.999Z";"2024-08-10T22:58:00.000Z";"2024-08-10T04:52:00.000Z";"2781";0.7753000611;0.792058833;0.7505272359;0.7822803207;85706937.24;1087181772.21;"2024-08-10T23:59:59.999Z"
"2024-08-09T00:00:00.000Z";"2024-08-09T23:59:59.999Z";"2024-08-09T09:19:00.000Z";"2024-08-09T05:07:00.000Z";"2781";0.771149003;0.7947506593;0.7469736461;0.7753000611;128566138.56;1077480887.69;"2024-08-09T23:59:59.999Z"
"2024-08-08T00:00:00.000Z";"2024-08-08T23:59:59.999Z";"2024-08-08T22:58:00.000Z";"2024-08-08T00:41:00.000Z";"2781";0.6537026298;0.7764011503;0.6472804025;0.7711566221;161183836.4;1071711913.88;"2024-08-08T23:59:59.999Z"
"2024-08-07T00:00:00.000Z";"2024-08-07T23:59:59.999Z";"2024-08-07T09:43:00.000Z";"2024-08-07T20:55:00.000Z";"2781";0.7062146562;0.7456892102;0.6475683751;0.6536969362;154770472.71;908489661.16;"2024-08-07T23:59:59.999Z"
"2024-08-06T00:00:00.000Z";"2024-08-06T23:59:59.999Z";"2024-08-06T07:40:00.000Z";"2024-08-06T13:26:00.000Z";"2781";0.6917809524;0.7499771557;0.6816760493;0.7062578907;184361325.75;981528852.12;"2024-08-06T23:59:59.999Z"
"2024-08-05T00:00:00.000Z";"2024-08-05T23:59:59.999Z";"2024-08-05T16:46:00.000Z";"2024-08-05T12:34:00.000Z";"2781";0.6830994478;0.7362413145;0.5055951931;0.6917878928;473334124.23;961409384.68;"2024-08-05T23:59:59.999Z"
"2024-08-04T00:00:00.000Z";"2024-08-04T23:59:59.999Z";"2024-08-04T02:56:00.000Z";"2024-08-04T17:46:00.000Z";"2781";0.7335323984;0.7584035893;0.6513402957;0.6830994478;138986332.22;949344178.2;"2024-08-04T23:59:59.999Z"
"2024-08-03T00:00:00.000Z";"2024-08-03T23:59:59.999Z";"2024-08-03T00:25:00.000Z";"2024-08-03T19:32:00.000Z";"2781";0.7969255691;0.8071808186;0.7249825054;0.7336952739;110443131.47;1019433867.57;"2024-08-03T23:59:59.999Z"
"2024-08-02T00:00:00.000Z";"2024-08-02T23:59:59.999Z";"2024-08-02T00:19:00.000Z";"2024-08-02T21:34:00.000Z";"2781";0.9073569614;0.9100813876;0.7920232343;0.7969255691;141985701.7;1107535150.17;"2024-08-02T23:59:59.999Z"
"2024-08-01T00:00:00.000Z";"2024-08-01T23:59:59.999Z";"2024-08-01T04:27:00.000Z";"2024-08-01T18:49:00.000Z";"2781";0.9276797908;0.9423846748;0.8686759322;0.9073569614;132771497.93;1261008264.07;"2024-08-01T23:59:59.999Z"
"2024-07-31T00:00:00.000Z";"2024-07-31T23:59:59.999Z";"2024-07-31T13:43:00.000Z";"2024-07-31T23:45:00.000Z";"2781";0.9473922703;0.968458369;0.9250545478;0.9277047355;73657415.31;1289252116.23;"2024-07-31T23:59:59.999Z"
"2024-07-30T00:00:00.000Z";"2024-07-30T23:59:59.999Z";"2024-07-30T07:19:00.000Z";"2024-07-30T20:11:00.000Z";"2781";0.9788055496;0.9945858548;0.9375862758;0.9473911989;74473538.36;1316646239.54;"2024-07-30T23:59:59.999Z"
"2024-07-29T00:00:00.000Z";"2024-07-29T23:59:59.999Z";"2024-07-29T08:07:00.000Z";"2024-07-29T23:55:00.000Z";"2781";0.9916765557;1.0467994543;0.9772631632;0.9788055496;118286227.32;1360304642.5;"2024-07-29T23:59:59.999Z"
"2024-07-28T00:00:00.000Z";"2024-07-28T23:59:59.999Z";"2024-07-28T23:58:00.000Z";"2024-07-28T05:25:00.000Z";"2781";0.9839484153;0.991843368;0.9554279142;0.9916765557;60818589.43;1378192249.9;"2024-07-28T23:59:59.999Z"
"2024-07-27T00:00:00.000Z";"2024-07-27T23:59:59.999Z";"2024-07-27T13:49:00.000Z";"2024-07-27T20:27:00.000Z";"2781";1.0020325027;1.015651498;0.9583578237;0.9839484153;82751522.93;1367451990.72;"2024-07-27T23:59:59.999Z"
"2024-07-26T00:00:00.000Z";"2024-07-26T23:59:59.999Z";"2024-07-26T19:51:00.000Z";"2024-07-26T00:04:00.000Z";"2781";0.9527531854;1.0083382924;0.9526290703;1.0020325027;77361958.88;1392584529.15;"2024-07-26T23:59:59.999Z"
"2024-07-25T00:00:00.000Z";"2024-07-25T23:59:59.999Z";"2024-07-25T00:25:00.000Z";"2024-07-25T20:14:00.000Z";"2781";0.9529421866;0.9588608105;0.9159548413;0.9527531854;115697134.41;1324098113.1;"2024-07-25T23:59:59.999Z"
"2024-07-24T00:00:00.000Z";"2024-07-24T23:59:59.999Z";"2024-07-24T14:39:00.000Z";"2024-07-24T23:28:00.000Z";"2781";0.9764225002;1.0074680801;0.9448067189;0.9529421866;90028391.3;1324360779.36;"2024-07-24T23:59:59.999Z"
"2024-07-23T00:00:00.000Z";"2024-07-23T23:59:59.999Z";"2024-07-23T01:55:00.000Z";"2024-07-23T17:14:00.000Z";"2781";1.0303415931;1.048362105;0.9613364786;0.9764325595;129931046.08;1357006756.16;"2024-07-23T23:59:59.999Z"
"2024-07-22T00:00:00.000Z";"2024-07-22T23:59:59.999Z";"2024-07-22T00:53:00.000Z";"2024-07-22T23:17:00.000Z";"2781";1.0886353039;1.0996534451;1.0231410702;1.0303415931;102988471.98;1431927366.01;"2024-07-22T23:59:59.999Z"
"2024-07-21T00:00:00.000Z";"2024-07-21T23:59:59.999Z";"2024-07-21T22:07:00.000Z";"2024-07-21T18:13:00.000Z";"2781";1.0922103925;1.1008565476;1.0371594652;1.0886353039;113083556.55;1512941624.11;"2024-07-21T23:59:59.999Z"
"2024-07-20T00:00:00.000Z";"2024-07-20T23:59:59.999Z";"2024-07-20T17:19:00.000Z";"2024-07-20T13:19:00.000Z";"2781";1.0801533987;1.1122896666;1.0661324696;1.0923126531;97527463.73;1518052256.38;"2024-07-20T23:59:59.999Z"
"2024-07-19T00:00:00.000Z";"2024-07-19T23:59:59.999Z";"2024-07-19T16:36:00.000Z";"2024-07-19T08:16:00.000Z";"2781";1.0543374283;1.0988946064;1.0261211797;1.0801622131;125351239.57;1501153812.85;"2024-07-19T23:59:59.999Z"
"2024-07-18T00:00:00.000Z";"2024-07-18T23:59:59.999Z";"2024-07-18T07:19:00.000Z";"2024-07-18T16:04:00.000Z";"2781";1.0530253716;1.0984261252;1.016013934;1.0541423577;127695347.42;1465004712.78;"2024-07-18T23:59:59.999Z"
"2024-07-17T00:00:00.000Z";"2024-07-17T23:59:59.999Z";"2024-07-17T02:34:00.000Z";"2024-07-17T23:59:00.000Z";"2781";1.0839851434;1.1364736446;1.0530199625;1.0530199625;151778729.4;1463444853.03;"2024-07-17T23:59:59.999Z"
"2024-07-16T00:00:00.000Z";"2024-07-16T23:59:59.999Z";"2024-07-16T00:11:00.000Z";"2024-07-16T08:34:00.000Z";"2781";1.1185010291;1.1261073492;1.0425905259;1.0839882524;175859771.37;1506483338.61;"2024-07-16T23:59:59.999Z"
"2024-07-15T00:00:00.000Z";"2024-07-15T23:59:59.999Z";"2024-07-15T23:56:00.000Z";"2024-07-15T00:18:00.000Z";"2781";1.0112588022;1.1193033181;1.0039260673;1.1188972918;158120770.12;1554998519.55;"2024-07-15T23:59:59.999Z"
"2024-07-14T00:00:00.000Z";"2024-07-14T23:59:59.999Z";"2024-07-14T23:46:00.000Z";"2024-07-14T12:40:00.000Z";"2781";0.9839478511;1.0184309616;0.9758574936;1.0112490716;89710418.15;1405393346.37;"2024-07-14T23:59:59.999Z"
"2024-07-13T00:00:00.000Z";"2024-07-13T23:59:59.999Z";"2024-07-13T23:23:00.000Z";"2024-07-13T09:01:00.000Z";"2781";0.9841974116;0.9979145624;0.9696965624;0.9839338167;69652474.77;1367431702.11;"2024-07-13T23:59:59.999Z"
"2024-07-12T00:00:00.000Z";"2024-07-12T23:59:59.999Z";"2024-07-12T18:52:00.000Z";"2024-07-12T10:25:00.000Z";"2781";0.9662916876;1.0031227755;0.91888945;0.9840933479;107540148.62;1367653412.2;"2024-07-12T23:59:59.999Z"
"2024-07-11T00:00:00.000Z";"2024-07-11T23:59:59.999Z";"2024-07-11T12:34:00.000Z";"2024-07-11T20:26:00.000Z";"2781";0.9825575072;1.0458241293;0.9475138928;0.9662779073;141119034.61;1342894228.36;"2024-07-11T23:59:59.999Z"
"2024-07-10T00:00:00.000Z";"2024-07-10T23:59:59.999Z";"2024-07-10T15:56:00.000Z";"2024-07-10T01:09:00.000Z";"2781";0.9394235609;1.0008386738;0.9250379931;0.9825596842;145260321.15;1365521988.08;"2024-07-10T23:59:59.999Z"
"2024-07-09T00:00:00.000Z";"2024-07-09T23:59:59.999Z";"2024-07-09T06:46:00.000Z";"2024-07-09T17:52:00.000Z";"2781";0.9274412016;0.9620546276;0.9129684908;0.9394326477;139278489.18;1305585764.77;"2024-07-09T23:59:59.999Z"
"2024-07-08T00:00:00.000Z";"2024-07-08T23:59:59.999Z";"2024-07-08T09:06:00.000Z";"2024-07-08T01:11:00.000Z";"2781";0.9005648916;0.9718449999;0.8522961375;0.9271556754;216010853.96;1288523721.7;"2024-07-08T23:59:59.999Z"
"2024-07-07T00:00:00.000Z";"2024-07-07T23:59:59.999Z";"2024-07-07T00:00:00.000Z";"2024-07-07T23:51:00.000Z";"2781";1.0387750723;1.0387750723;0.8960976426;0.9002615153;161393703.39;1251147298.05;"2024-07-07T23:59:59.999Z"
"2024-07-06T00:00:00.000Z";"2024-07-06T23:59:59.999Z";"2024-07-06T22:35:00.000Z";"2024-07-06T04:58:00.000Z";"2781";0.9908750345;1.0506511465;0.9633088143;1.0389671407;149848239.71;1443914805.66;"2024-07-06T23:59:59.999Z"
"2024-07-05T00:00:00.000Z";"2024-07-05T23:59:59.999Z";"2024-07-05T00:34:00.000Z";"2024-07-05T09:01:00.000Z";"2781";1.0361312352;1.0519738422;0.9122718182;0.9909679694;395710619.1;1377207485.05;"2024-07-05T23:59:59.999Z"
"2024-07-04T00:00:00.000Z";"2024-07-04T23:59:59.999Z";"2024-07-04T00:37:00.000Z";"2024-07-04T13:46:00.000Z";"2781";1.1179607972;1.1333618323;1.0235688153;1.0358863848;247177610.09;1439633294.89;"2024-07-04T23:59:59.999Z"
"2024-07-03T00:00:00.000Z";"2024-07-03T23:59:59.999Z";"2024-07-03T00:25:00.000Z";"2024-07-03T19:58:00.000Z";"2781";1.1640616921;1.1678856456;1.0944934065;1.1178425279;165352841.98;1553532651;"2024-07-03T23:59:59.999Z"
"2024-07-02T00:00:00.000Z";"2024-07-02T23:59:59.999Z";"2024-07-02T00:31:00.000Z";"2024-07-02T17:13:00.000Z";"2781";1.1899080463;1.1976098783;1.1510588965;1.1640526422;129063472.48;1617753611.98;"2024-07-02T23:59:59.999Z"
"2024-07-01T00:00:00.000Z";"2024-07-01T23:59:59.999Z";"2024-07-01T18:04:00.000Z";"2024-07-01T11:55:00.000Z";"2781";1.2005608729;1.2298426954;1.1804489825;1.1899044653;164260758.19;1653681437.44;"2024-07-01T23:59:59.999Z"
"2024-06-30T00:00:00.000Z";"2024-06-30T23:59:59.999Z";"2024-06-30T23:34:00.000Z";"2024-06-30T04:35:00.000Z";"2781";1.105345222;1.2026443337;1.0915494801;1.2005931237;129104536.07;1668536105.66;"2024-06-30T23:59:59.999Z"
"2024-06-29T00:00:00.000Z";"2024-06-29T23:59:59.999Z";"2024-06-29T10:04:00.000Z";"2024-06-29T23:47:00.000Z";"2781";1.1136224956;1.1438407984;1.1028156158;1.1051697722;87704478.37;1535920564.11;"2024-06-29T23:59:59.999Z"
"2024-06-28T00:00:00.000Z";"2024-06-28T23:59:59.999Z";"2024-06-28T01:52:00.000Z";"2024-06-28T21:53:00.000Z";"2781";1.1652237557;1.1843567682;1.1042956239;1.1134365235;143683793.56;1547409363.12;"2024-06-28T23:59:59.999Z"
"2024-06-27T00:00:00.000Z";"2024-06-27T23:59:59.999Z";"2024-06-27T14:13:00.000Z";"2024-06-27T07:58:00.000Z";"2781";1.1879632831;1.2225140912;1.1513845881;1.1652512976;186099448.39;1619419455.1;"2024-06-27T23:59:59.999Z"
"2024-06-26T00:00:00.000Z";"2024-06-26T23:59:59.999Z";"2024-06-26T01:58:00.000Z";"2024-06-26T23:58:00.000Z";"2781";1.2289497822;1.2837109462;1.1878771375;1.1879669914;218789847.55;1650988814.1;"2024-06-26T23:59:59.999Z"
"2024-06-25T00:00:00.000Z";"2024-06-25T23:59:59.999Z";"2024-06-25T16:22:00.000Z";"2024-06-25T08:43:00.000Z";"2781";1.2080226539;1.2467579246;1.1914667231;1.2286365642;208111054.24;1707509753.08;"2024-06-25T23:59:59.999Z"
"2024-06-24T00:00:00.000Z";"2024-06-24T23:59:59.999Z";"2024-06-24T23:55:00.000Z";"2024-06-24T05:48:00.000Z";"2781";1.0951083829;1.2081325061;1.0499331672;1.2071768253;293690712.53;1677685869.72;"2024-06-24T23:59:59.999Z"
"2024-06-23T00:00:00.000Z";"2024-06-23T23:59:59.999Z";"2024-06-23T10:34:00.000Z";"2024-06-23T23:40:00.000Z";"2781";1.1628873824;1.1914885118;1.0879885606;1.0953205496;120785422.13;1522232510.15;"2024-06-23T23:59:59.999Z"
"2024-06-22T00:00:00.000Z";"2024-06-22T23:59:59.999Z";"2024-06-22T02:55:00.000Z";"2024-06-22T20:17:00.000Z";"2781";1.2061802868;1.2192477327;1.1560442391;1.1631158075;106929955.2;1616451636.75;"2024-06-22T23:59:59.999Z"
"2024-06-21T00:00:00.000Z";"2024-06-21T23:59:59.999Z";"2024-06-21T02:09:00.000Z";"2024-06-21T08:58:00.000Z";"2781";1.2423911294;1.2610222046;1.1782309575;1.2061821618;198996835.68;1676303526.34;"2024-06-21T23:59:59.999Z"
"2024-06-20T00:00:00.000Z";"2024-06-20T23:59:59.999Z";"2024-06-20T11:10:00.000Z";"2024-06-20T00:05:00.000Z";"2781";1.2007626393;1.2963929581;1.1913682551;1.2424978437;211833329.13;1726773602.63;"2024-06-20T23:59:59.999Z"
"2024-06-19T00:00:00.000Z";"2024-06-19T23:59:59.999Z";"2024-06-19T17:26:00.000Z";"2024-06-19T00:25:00.000Z";"2781";1.1644793997;1.2364153799;1.1456117903;1.2007626393;237923282.12;1668771691.68;"2024-06-19T23:59:59.999Z"
"2024-06-18T00:00:00.000Z";"2024-06-18T23:59:59.999Z";"2024-06-18T23:59:00.000Z";"2024-06-18T01:46:00.000Z";"2781";1.105864613;1.1650895162;1.0141080378;1.1650895162;437297805.14;1619194617.81;"2024-06-18T23:59:59.999Z"
"2024-06-17T00:00:00.000Z";"2024-06-17T23:59:59.999Z";"2024-06-17T00:40:00.000Z";"2024-06-17T16:22:00.000Z";"2781";1.1664958513;1.1715175029;1.0594878951;1.105824295;288665114.54;1536830193.67;"2024-06-17T23:59:59.999Z"
"2024-06-16T00:00:00.000Z";"2024-06-16T23:59:59.999Z";"2024-06-16T00:01:00.000Z";"2024-06-16T23:46:00.000Z";"2781";1.2080291336;1.2099079438;1.1636967629;1.1665814374;140516105.18;1621268030;"2024-06-16T23:59:59.999Z"
"2024-06-15T00:00:00.000Z";"2024-06-15T23:59:59.999Z";"2024-06-15T15:25:00.000Z";"2024-06-15T00:13:00.000Z";"2781";1.2010040097;1.2366043365;1.1930122394;1.2077554235;156257659.63;1678489982.26;"2024-06-15T23:59:59.999Z"
"2024-06-14T00:00:00.000Z";"2024-06-14T23:59:59.999Z";"2024-06-14T07:51:00.000Z";"2024-06-14T18:19:00.000Z";"2781";1.230513655;1.3459951321;1.1590707086;1.2011794796;519654526.48;1669350999.57;"2024-06-14T23:59:59.999Z"
"2024-06-13T00:00:00.000Z";"2024-06-13T23:59:59.999Z";"2024-06-13T01:32:00.000Z";"2024-06-13T16:04:00.000Z";"2781";1.3424098878;1.3596647532;1.2090455452;1.2306421819;266804698.27;1710297079.91;"2024-06-13T23:59:59.999Z"
"2024-06-12T00:00:00.000Z";"2024-06-12T23:59:59.999Z";"2024-06-12T18:00:00.000Z";"2024-06-12T01:47:00.000Z";"2781";1.2720778077;1.3996142169;1.2088395645;1.3424260568;377784097.8;1865649819.87;"2024-06-12T23:59:59.999Z"
"2024-06-11T00:00:00.000Z";"2024-06-11T23:59:59.999Z";"2024-06-11T22:22:00.000Z";"2024-06-11T01:58:00.000Z";"2781";1.1952598642;1.2852293939;1.1737016447;1.2719679958;317251162.03;1767730036.45;"2024-06-11T23:59:59.999Z"
"2024-06-10T00:00:00.000Z";"2024-06-10T23:59:59.999Z";"2024-06-10T00:03:00.000Z";"2024-06-10T23:40:00.000Z";"2781";1.3013656951;1.3030999086;1.1838727862;1.1953341412;212916854.22;1661227382.95;"2024-06-10T23:59:59.999Z"
"2024-06-09T00:00:00.000Z";"2024-06-09T23:59:59.999Z";"2024-06-09T10:16:00.000Z";"2024-06-09T00:04:00.000Z";"2781";1.2692305288;1.310756251;1.2661966106;1.3012120011;129737522.88;1808372180.5;"2024-06-09T23:59:59.999Z"
"2024-06-08T00:00:00.000Z";"2024-06-08T23:59:59.999Z";"2024-06-08T01:13:00.000Z";"2024-06-08T23:23:00.000Z";"2781";1.3264467983;1.3843606306;1.2644374268;1.2691832769;187650018.54;1763859945.84;"2024-06-08T23:59:59.999Z"
"2024-06-07T00:00:00.000Z";"2024-06-07T23:59:59.999Z";"2024-06-07T13:25:00.000Z";"2024-06-07T18:16:00.000Z";"2781";1.3512999886;1.4068973215;1.2374613452;1.3265235066;285461187.71;1843549094.32;"2024-06-07T23:59:59.999Z"
"2024-06-06T00:00:00.000Z";"2024-06-06T23:59:59.999Z";"2024-06-06T10:43:00.000Z";"2024-06-06T06:46:00.000Z";"2781";1.3807157497;1.406307165;1.3437789319;1.3513050849;170599087.46;1877989536.57;"2024-06-06T23:59:59.999Z"
"2024-06-05T00:00:00.000Z";"2024-06-05T23:59:59.999Z";"2024-06-05T00:56:00.000Z";"2024-06-05T08:44:00.000Z";"2781";1.4520370482;1.4599733324;1.3736632361;1.3807157497;246819737.87;1918863297.32;"2024-06-05T23:59:59.999Z"
"2024-06-04T00:00:00.000Z";"2024-06-04T23:59:59.999Z";"2024-06-04T23:26:00.000Z";"2024-06-04T00:01:00.000Z";"2781";1.3715526932;1.4700837552;1.3703262769;1.4520370482;281864945.95;2017982773.57;"2024-06-04T23:59:59.999Z"
"2024-06-03T00:00:00.000Z";"2024-06-03T23:59:59.999Z";"2024-06-03T08:40:00.000Z";"2024-06-03T22:22:00.000Z";"2781";1.3796608986;1.4780328432;1.3525715141;1.3715785756;343768085.9;1906128849.37;"2024-06-03T23:59:59.999Z"
"2024-06-02T00:00:00.000Z";"2024-06-02T23:59:59.999Z";"2024-06-02T00:54:00.000Z";"2024-06-02T12:25:00.000Z";"2781";1.4080652637;1.4484225681;1.3310572295;1.3796561807;309963947.5;1917397307.61;"2024-06-02T23:59:59.999Z"
"2024-06-01T00:00:00.000Z";"2024-06-01T23:59:59.999Z";"2024-06-01T22:28:00.000Z";"2024-06-01T01:52:00.000Z";"2781";1.242333298;1.4121676119;1.2255988405;1.4080652637;298232779.61;1956872553.46;"2024-06-01T23:59:59.999Z"
"2024-05-31T00:00:00.000Z";"2024-05-31T23:59:59.999Z";"2024-05-31T19:51:00.000Z";"2024-05-31T05:40:00.000Z";"2781";1.1801373158;1.2627447312;1.1596850345;1.242333298;236410854.05;1726544923.53;"2024-05-31T23:59:59.999Z"
"2024-05-30T00:00:00.000Z";"2024-05-30T23:59:59.999Z";"2024-05-30T19:15:00.000Z";"2024-05-30T08:08:00.000Z";"2781";1.1642370093;1.2390478555;1.1099001964;1.1801373158;237442451.63;1640107445.43;"2024-05-30T23:59:59.999Z"
"2024-05-29T00:00:00.000Z";"2024-05-29T23:59:59.999Z";"2024-05-29T03:21:00.000Z";"2024-05-29T20:36:00.000Z";"2781";1.2523182804;1.2879199847;1.1551077793;1.1642367574;208044112.57;1618009837.99;"2024-05-29T23:59:59.999Z"
"2024-05-28T00:00:00.000Z";"2024-05-28T23:59:59.999Z";"2024-05-28T19:27:00.000Z";"2024-05-28T03:40:00.000Z";"2781";1.2216973969;1.2722867017;1.1786367926;1.2523182804;224484752.97;1740421651.13;"2024-05-28T23:59:59.999Z"
"2024-05-27T00:00:00.000Z";"2024-05-27T23:59:59.999Z";"2024-05-27T16:10:00.000Z";"2024-05-27T08:52:00.000Z";"2781";1.2235213599;1.2790627895;1.1900404908;1.2216973969;236025194.93;1697865977.01;"2024-05-27T23:59:59.999Z"
"2024-05-26T00:00:00.000Z";"2024-05-26T23:59:59.999Z";"2024-05-26T02:04:00.000Z";"2024-05-26T23:59:00.000Z";"2781";1.2395191049;1.327304774;1.2235213599;1.2235213599;302814972.91;1700400847.46;"2024-05-26T23:59:59.999Z"
"2024-05-25T00:00:00.000Z";"2024-05-25T23:59:59.999Z";"2024-05-25T10:17:00.000Z";"2024-05-25T00:00:00.000Z";"2781";1.140527933;1.2474084381;1.140527933;1.2395191049;361172554.29;1722633871.07;"2024-05-25T23:59:59.999Z"
"2024-05-24T00:00:00.000Z";"2024-05-24T23:59:59.999Z";"2024-05-24T21:47:00.000Z";"2024-05-24T07:08:00.000Z";"2781";1.0718889513;1.1700848005;1.0514340072;1.1405257083;409110277.57;1585059916.01;"2024-05-24T23:59:59.999Z"
"2024-05-23T00:00:00.000Z";"2024-05-23T23:59:59.999Z";"2024-05-23T23:57:00.000Z";"2024-05-23T20:16:00.000Z";"2781";0.9328913433;1.0727408688;0.9229565046;1.0718889513;341747786.66;1489668215.88;"2024-05-23T23:59:59.999Z"
"2024-05-22T00:00:00.000Z";"2024-05-22T23:59:59.999Z";"2024-05-22T22:02:00.000Z";"2024-05-22T13:00:00.000Z";"2781";0.9376593699;0.9569881285;0.8975957726;0.9328913433;163283765.69;1296494922.62;"2024-05-22T23:59:59.999Z"
"2024-05-21T00:00:00.000Z";"2024-05-21T23:59:59.999Z";"2024-05-21T00:19:00.000Z";"2024-05-21T14:22:00.000Z";"2781";0.97161898;0.9745726027;0.9124944432;0.9376593192;194096381.77;1303121264.01;"2024-05-21T23:59:59.999Z"
"2024-05-20T00:00:00.000Z";"2024-05-20T23:59:59.999Z";"2024-05-20T20:04:00.000Z";"2024-05-20T01:35:00.000Z";"2781";0.8983832321;0.9807176262;0.8804832694;0.9716290951;238160293.22;1350317036.73;"2024-05-20T23:59:59.999Z"
"2024-05-19T00:00:00.000Z";"2024-05-19T23:59:59.999Z";"2024-05-19T06:10:00.000Z";"2024-05-19T23:31:00.000Z";"2781";0.9323126593;0.9740736921;0.8967472096;0.8983832321;183403748.98;1248536935.59;"2024-05-19T23:59:59.999Z"
"2024-05-18T00:00:00.000Z";"2024-05-18T23:59:59.999Z";"2024-05-18T07:28:00.000Z";"2024-05-18T21:58:00.000Z";"2781";0.9532270604;1.0395728042;0.9232700244;0.9323238872;297089976.73;1295690690.82;"2024-05-18T23:59:59.999Z"
"2024-05-17T00:00:00.000Z";"2024-05-17T23:59:59.999Z";"2024-05-17T12:53:00.000Z";"2024-05-17T03:22:00.000Z";"2781";0.865679954;0.9679012994;0.8562315549;0.9532270604;274351905.65;1324756685.46;"2024-05-17T23:59:59.999Z"
"2024-05-16T00:00:00.000Z";"2024-05-16T23:59:59.999Z";"2024-05-16T07:23:00.000Z";"2024-05-16T16:39:00.000Z";"2781";0.8423353156;0.8752939252;0.825281419;0.865679954;179709341.94;1203087233.06;"2024-05-16T23:59:59.999Z"
"2024-05-15T00:00:00.000Z";"2024-05-15T23:59:59.999Z";"2024-05-15T17:46:00.000Z";"2024-05-15T00:49:00.000Z";"2781";0.7336057842;0.8455091257;0.7305802567;0.8422187573;176246858.38;1170643792.14;"2024-05-15T23:59:59.999Z"
"2024-05-14T00:00:00.000Z";"2024-05-14T23:59:59.999Z";"2024-05-14T00:43:00.000Z";"2024-05-14T17:44:00.000Z";"2781";0.7697284502;0.7723820726;0.7273457617;0.7336057842;114576393.41;1019535856.15;"2024-05-14T23:59:59.999Z"
"2024-05-13T00:00:00.000Z";"2024-05-13T23:59:59.999Z";"2024-05-13T16:38:00.000Z";"2024-05-13T03:16:00.000Z";"2781";0.7852709551;0.7956072795;0.749392273;0.7697284502;137045405.8;1069737686.61;"2024-05-13T23:59:59.999Z"
"2024-05-12T00:00:00.000Z";"2024-05-12T23:59:59.999Z";"2024-05-12T17:19:00.000Z";"2024-05-12T07:34:00.000Z";"2781";0.7868464209;0.8065149262;0.780155912;0.7852709551;78789765.23;1091338035.75;"2024-05-12T23:59:59.999Z"
"2024-05-11T00:00:00.000Z";"2024-05-11T23:59:59.999Z";"2024-05-11T01:23:00.000Z";"2024-05-11T23:56:00.000Z";"2781";0.8028262588;0.8294888765;0.7861880703;0.7868481092;118101741.83;1093527554.8;"2024-05-11T23:59:59.999Z"
"2024-05-10T00:00:00.000Z";"2024-05-10T23:59:59.999Z";"2024-05-10T12:20:00.000Z";"2024-05-10T16:07:00.000Z";"2781";0.8173473592;0.8391460122;0.7956691915;0.8028262588;163263115.8;1115735691.82;"2024-05-10T23:59:59.999Z"
"2024-05-09T00:00:00.000Z";"2024-05-09T23:59:59.999Z";"2024-05-09T22:55:00.000Z";"2024-05-09T11:05:00.000Z";"2781";0.768366513;0.8207675276;0.7643399219;0.8173473592;133283135.81;1135916533.87;"2024-05-09T23:59:59.999Z"
"2024-05-08T00:00:00.000Z";"2024-05-08T23:59:59.999Z";"2024-05-08T03:49:00.000Z";"2024-05-08T22:14:00.000Z";"2781";0.7972665707;0.8045957177;0.7624768075;0.7683578463;158456234.11;1067844920.97;"2024-05-08T23:59:59.999Z"
"2024-05-07T00:00:00.000Z";"2024-05-07T23:59:59.999Z";"2024-05-07T01:56:00.000Z";"2024-05-07T23:07:00.000Z";"2781";0.8297744568;0.8529771481;0.7958595105;0.7972665707;139493364.48;1108009060.5;"2024-05-07T23:59:59.999Z"
"2024-05-06T00:00:00.000Z";"2024-05-06T23:59:59.999Z";"2024-05-06T08:28:00.000Z";"2024-05-06T19:43:00.000Z";"2781";0.8528099317;0.898071225;0.8180463999;0.8297733457;186547620.99;1153187215.02;"2024-05-06T23:59:59.999Z"
"2024-05-05T00:00:00.000Z";"2024-05-05T23:59:59.999Z";"2024-05-05T23:43:00.000Z";"2024-05-05T01:46:00.000Z";"2781";0.806552124;0.8607793974;0.7946216791;0.8528103648;117347927.09;1185200992.9;"2024-05-05T23:59:59.999Z"
"2024-05-04T00:00:00.000Z";"2024-05-04T23:59:59.999Z";"2024-05-04T01:31:00.000Z";"2024-05-04T23:57:00.000Z";"2781";0.8238106953;0.8505110808;0.8062735414;0.806552124;112721169.38;1120913749.56;"2024-05-04T23:59:59.999Z"
"2024-05-03T00:00:00.000Z";"2024-05-03T23:59:59.999Z";"2024-05-03T01:31:00.000Z";"2024-05-03T12:29:00.000Z";"2781";0.8053067737;0.8394001557;0.7879980481;0.8238106953;160126550.62;1144899018.82;"2024-05-03T23:59:59.999Z"
"2024-05-02T00:00:00.000Z";"2024-05-02T23:59:59.999Z";"2024-05-02T22:23:00.000Z";"2024-05-02T05:34:00.000Z";"2781";0.7691170011;0.8157172067;0.7324822402;0.8052855237;159619510.74;1119183011.69;"2024-05-02T23:59:59.999Z"
"2024-05-01T00:00:00.000Z";"2024-05-01T23:59:59.999Z";"2024-05-01T18:56:00.000Z";"2024-05-01T07:10:00.000Z";"2781";0.7447733689;0.7857885168;0.6999113723;0.7691170011;215794279.61;1068887919.29;"2024-05-01T23:59:59.999Z"
"2024-04-30T00:00:00.000Z";"2024-04-30T23:59:59.999Z";"2024-04-30T00:49:00.000Z";"2024-04-30T16:13:00.000Z";"2781";0.7821216129;0.7988569803;0.7009666309;0.7447733689;176590468.39;1035056116.87;"2024-04-30T23:59:59.999Z"
"2024-04-29T00:00:00.000Z";"2024-04-29T23:59:59.999Z";"2024-04-29T23:22:00.000Z";"2024-04-29T08:50:00.000Z";"2781";0.7738279767;0.7953756972;0.7516964364;0.7821527715;125153354.08;1086961206.39;"2024-04-29T23:59:59.999Z"
"2024-04-28T00:00:00.000Z";"2024-04-28T23:59:59.999Z";"2024-04-28T03:40:00.000Z";"2024-04-28T23:48:00.000Z";"2781";0.7942726848;0.8262195754;0.7713395166;0.7738279767;118655752;1075435043.85;"2024-04-28T23:59:59.999Z"